m00931	Isse ek win-win hota hai—firms ko financial edge milti hai aur environment ko bhi fayda, bina heavy regulatory shackles ke.
m02363	ನನ್ನ ಅಭಿಪ್ರಾಯದಲ್ಲಿ, broad themes ಮತ್ತು overall representation ಬಗ್ಗೆ report ಮಾಡಿದ್ದು, ಅದು creators ಗೆ ಹೆಚ್ಚು impact ಕೊಡಬಹುದು .
m02364	Ninne wedding alli Christ University old classmates sikkidru, canteen samosa nenskondu ondu gante nagtidvi.
m02365	Adre, ninna enthusiasm alli nanu support madthini, just realistic expectations set maadkondre safe journey sigatte .
m02366	Agar tum 2 ghante ka target rakhna chahte ho, to har app ka timer strict rakho, weekly dashboard review karo, aur bedtime mode ko grayscale ke saath combine karo, tabhi sustainable reduction milega .
m02367	Agar producers clearly role requirements aur audition criteria define kar den, toh birth details ki demand itni absurd nahi lagegi.
m02368	ನಾನು ನನ್ನ childhood ನಲ್ಲಿ meditation class ಗೆ ಹೋಗಿದ್ದೆ, ಅಲ್ಲಿ learned ಆಗಿರುವ self-inquiry techniques ಈಗ ಅವಳಿಗೆ supportive role ಆಗಿ ಕೆಲಸ ಮಾಡುತ್ತಿವೆ, ಏಕೆಂದರೆ ನಾನು ಅವಳನ್ನು judge ಮಾಡದೆ curiosity ನ್ನು encourage ಮಾಡುತ್ತೇನೆ .
m02369	ನನ್ನ ದೃಷ್ಟಿಯಲ್ಲಿ board resignation ನು ನಿಜವಾಗಿಯೇ ಮೊದಲ ಮತ್ತು ಮುಖ್ಯ ಹೆಜ್ಜೆ, ಏಕೆಂದ್ರೆ board ಇಲ್ಲದೆ transparency enforce ಆಗುವ ವ್ಯವಸ್ಥೆ ಸ್ಥಾಪಿಸಲು space ಬರುತ್ತದೆ .
m02370	चलो, positivity को amplify करते रहें और हर step पर खुद को proud महसूस करें .
m02371	Advik ne aaj pehli baar sahaayak pahiyon ke bina apni cycle chalayi, aur mera beta poori shaam muskurata hi raha.
m02372	Kal mere purane professor se mulaqat ho gayi, unhe ab bhi JNU ke dinon ki hostel mess wali late-night debates yaad thi.
m02373	रोज़ रात guitar practice करने से fingertips दुख रहे हैं, पर आज finally पूरी chord progression बिना buzzing के बजा ली।
m02374	ಇದಕ್ಕೆ ನಾವು ಸ್ಥಳೀಯ NGOs ಜೊತೆ coalition ನಿರ್ಮಿಸಿ, congressional representatives ಗೆ petitions ಮತ್ತು town-hall meetings organise ಮಾಡಿ pressure ಹಾಕಬೇಕು .
m02375	indu naanu manege tadavaagi bandiddarinda Karthik raatri aduge maadidaru, nanna ganda eega nannannu tumba chennaagi nodikolluttaare.
m02376	ಚೀಕು again ನನ್ನ laptop charger ಕಡಿಬಿಟ್ಟಿದೆ, ನನ್ನ rabbit ಗೆ ಇದರಿಂದ ನಂಗೆ ಎಷ್ಟು problem ಅಂತ ಗೊತ್ತಿಲ್ಲ.
m02377	ನಿಜವಾಗಿಯೂ Star Trek fans ಗೆ nostalgic gift ಆಗಬಹುದು, ಆದರೆ ಇದನ್ನು real ship replica ಆಗಿ treat ಮಾಡೋದು ಕಷ್ಟವೇ.
m02378	ಮಳೆ ಬರೋ Sunday ghee ಜೊತೆ ರಾಜ್ಮಾ ಚಾವಲ್ plate ತರ ಏನು ಇಲ್ಲ, ಅಮ್ಮನ recipe ಗೆ ಸಾಟಿಯೇ ಇಲ್ಲ.
m02379	आज की सुबह की चाय की तरह, ये stock scams भी अचानक हमारे दिन को खट्टा कर देते हैं ।
m02380	ಕೆಲವೊಮ್ಮೆ AI ನ suggestions ನು context-aware ಆಗಿರದೇ, ಮರು-edit ಮಾಡಬೇಕಾಗುತ್ತದೆ, ಆದ್ದರಿಂದ real productivity boost ನಿರೀಕ್ಷಿಸಿದಷ್ಟು high ಆಗುವುದಿಲ್ಲ .
m02381	Recall news bagge local health department website regular check maadi, alert barbeku andre any new batch issue baradiddare immediate stop maadi .
m02382	ನಾನು ಯಾವಾಗಲೂ ರಾತ್ರಿ 10 ಗಂಟೆಗೆ ವ್ಯಾಯಾಮಶಾಲೆಗೆ ಹೋಗುತ್ತೇನೆ, ಆಗ ಅದು ಬಹುತೇಕ ಖಾಲಿ ಇರುತ್ತದೆ, ಆದ್ದರಿಂದ ಯಾವುದೇ ಯಂತ್ರಕ್ಕಾಗಿ ಕಾಯಬೇಕಿಲ್ಲ.
m02383	iPhoneನಲ್ಲಿ **Find My iPhone** enable ಮಾಡೋಣ, device lost ಆಗಿದ್ರೆ locate ಮತ್ತು remote wipe ಮಾಡಬಹುದು .
m02384	deergha vaaraantyakke tanguva maneyannu kaayirisiddene, Coorgnalli manjina belagugalu, coffee totagalu mattu phone signal illada shaanti siguttade endu nireekshisuttene.
m02385	अगर हम municipal council को एक simple proposal भेजें, जिसमें ‘bulk-refill kiosks' के लिए subsidies और ‘plastic-return incentives' की मांग हो, तो 2040 तक के targets को achieve करना थोड़ा आसान हो सकता है .
m02386	इसलिए मैं strongly suggest करता हूँ कि medical treatment को priority देना चाहिए, फिर बाद में spiritual support add किया जा सकता है .
m02387	ಒಂದು month ಹಿಂದೆ sugar ಸಂಪೂರ್ಣ ಬಿಟ್ಬಿಟ್ಟೆ, ಈಗ ನನ್ನ morning tea ಕೂಡ sugar-free, ತುಂಬಾ light ಆಗಿದೀನಿ.
m02388	ನನ್ನ younger brother ಕಬೀರ್ weekend ಗೆ ಮನೆಗೆ ಬರ್ತಿದಾನೆ, ಅಮ್ಮಂಗೆ ತಿನ್ನಕ್ಕೆ ಬೇಕಾದ food list already ಕಳ್ಸಿದಾನೆ.
m02389	Dekh, jab hum ek dusre ko emotionally aur financially support karte hain, toh sabko feel hota hai ki koi humare liye hai .
m02390	चलो, इस roadmap को regularly review करके confidence के साथ आगे बढ़ते हैं .
m02391	Jab hum subah ki chai ke saath newspaper padhte hain, toh har ek headline humare aas-pās ki life ko reflect karti hai.
m02392	Prati late night nanna desk alli Sid Sriram avara voice jothene kaleyutte, ee vaara ella avara playlist repeat alli ide.
m02393	Abolish karne se accountability ka ek naya framework ban sakta hai, jisme community oversight ho.
m02394	उसी समय मेरे दोस्त ने बताया कि उसके brokerage account में SBI के shares ने ₹2 lakh की loss दिखा दी, जिससे मैं भी market की volatility को लेकर uneasy महसूस कर रहा था .
m02395	Phone par beginner French course shuru kiya hai, ab bees tak ginti aur croissant order karna aa gaya, par pronunciation bahut kharab hai.
m02396	आपके दोस्त और actress की speculation शायद सिर्फ casual chats से ही spread हुई होगी, ना कि real connection से.
m02397	Full week food order ಮಾಡಿಲ್ಲ, ಆ ದುಡ್ಡು jar ಅಲ್ಲಿ ಹಾಕಿದೆ, ಇನ್ನು ಕೆಲವು months, ಆಮೇಲೆ ಆ MacBook ನನ್ನದು.
m02398	आखिरकार अगले महीने की छुट्टी मंज़ूर हो गयी, स्पीति घाटी के लिए गरम कपड़े रख रही हूँ और बार बार मौसम का हाल देख रही हूँ।
m02399	Weekend test series join ಆದೆ, ನಿನ್ನೆ ಮೊದಲ full mock solve ಮಾಡಿದೆ, GATE ಇನ್ನೂ ನಾಲ್ಕು ತಿಂಗಳು ಇದೆ, speed ಜಾಸ್ತಿ ಮಾಡ್ಬೇಕು.
m02400	ಇದರಿಂದ ನಿನಗೆ extra motivation ಲಭ್ಯವಾಗುತ್ತದೆ, ಮತ್ತು upcoming topics ನನ್ನು stress-free approach ನಿಂದ tackle ಮಾಡಬಹುದು .
m02401	Mujhe lagta hai ki sirf stipend dene se moderators ka focus paise ki taraf shift ho sakta hai, jo community ki asli authenticity ko kam kar sakta hai.
m02402	Iga nange think aagtha ide, ivattu yaaru Facebook nalli “join us” click maadidare, adu actual mission ge lead agabahudu?
m02403	मैं पूरी तरह से मानती हूँ कि छोटे-छोटे practice sessions का अपना महत्व है, पर यह मानना कि वही अकेले बड़े cultural shifts की seed बनते हैं, थोडा सीमित दृष्टिकोण हो सकता है ।
m02404	कल एक शादी में मणिपाल के कुछ पुराने सहपाठी मिले, और हम छात्रावास की शरारतें याद करके घंटों हँसते रहे।
m02405	ನಾನು ನುಡಿದ್ರೆ, ಈ north-facing sleeping ಬಗ್ಗೆ ಜಾಸ್ತಿ ನಂಬಿಕೆ ಇಲ್ಲ, ಅಷ್ಟು scientific ಆಗಿಲ್ಲ .
m02406	App alli Mandarin lessons shuru maadide, nanna tones ellaa disaster, ninne tappaagi amma antha helabekaagittu, horse antha helibitte.
m02407	साथ में हम एक छोटा ‘music & memory' evening भी रख सकते हैं, जहाँ गाने गाकर उनका mood uplift हो
m02408	Data cleaning ಮತ್ತು modelling steps ಅನ್ನು ಪ್ರತಿ module ಆಗಿ ಬೇರ್ಪಡಿಸಿ, ಪ್ರತಿ script ನಲ್ಲೂ clear input-output specs ಮತ್ತು unit tests ಇಡಿದ್ರೆ debugging ಸುಲಭವಾಗುತ್ತದೆ .
m02409	Keto शुरू किए बीस दिन हो गए, चावल और bread बिल्कुल बंद, तीन kilo weight कम हो गया और अब पहले से ज़्यादा अंडे और cheese खा रहा हूँ।
m02410	शाम को Arabic classes शुरू की हैं, script बहुत खूबसूरत art जैसी लगती है और मैं उसे left to right पढ़ने की कोशिश करती रहती हूँ।
m02411	Rocky chikka tractor tara snore maadtane, nanna pug matte poora bed haakkondu, naanu sofa mele malgidde.
m02412	ಕಳೆದ ತಿಂಗಳು ಚೆನ್ನೈಗೆ ಬಂದು ನೆಲೆಸಿದೆ, ನಿನ್ನೆ ಕೊನೆಯ ಪೆಟ್ಟಿಗೆಯನ್ನೂ ಬಿಡಿಸಿ ಜೋಡಿಸಿದೆ, ಸಂಜೆ ಸಮುದ್ರದ ಗಾಳಿ ಹಿತವಾಗಿದೆ, ಈ ಸ್ಥಳಾಂತರ ಸರಿಯೆನಿಸುತ್ತದೆ.
m02413	Online एक छोटा ukulele order किया और अब रोज़ शाम balcony में chords practise करती हूँ, कल तो पड़ोसी ने ताली भी बजाई।
m02414	रोज़ सुबह पाँच बजे अलार्म बजता है और मैं सबसे पहले जिम पहुँच जाता हूँ, दिन का यही एक शांत समय मुझे मिलता है।
m02415	जब मैं पिछले साल कोच्चि के एक छोटे hill-station में गया था, तो वहाँ के स्थानीय स्कूल में हमने एक experimental Taara “light bridge” सेट-अप किया और बच्चों को live-streamed science class दिखाया ।
m02416	अगर future में theory ये constants को predict कर पाए, तो physics की पूरी narrative बदल सकती है .
m02417	Usmein woh anti-war protests ko lekar apni baat rakh rahe hain, soch samajh ke dekhna chahiye.
m02418	Ivattu yellow jersey haakond office ge bande, raatri CSK match ide, ee IPL alli ondu match kooda bidolla.
m02419	har shanivaar subah club ke taran taal mein tairaaki karti hoon, aaj aakhirkaar bina ruke chaalis chakkar laga liye, ab haath bilkul dheele pad gaye hain.
m02420	ನಿನ್ನ ಅಣ್ಣವು 2015ರಲ್ಲಿ ಯೂರೋಪ್‌ ಗೆ scholarship ಗೆ ಹೋಗುವ ಸಮಯದಲ್ಲಿ, sudden political unrest ಆಗಿದ್ದರೂ, ನಾವು family-level backup plan ರಚಿಸಿ, emergency contacts ಮತ್ತು safe-house list ತಯಾರಿಸಿದ್ದೆವು .
m02421	क्या RSF सच में satellite-feeds को intel की तरह इस्तेमाल करके systematic starvation को orchestrate कर रहा है, या ये सिर्फ chaotic retaliation का नतीजा है?
m02422	ನನ್ನ ಗಲ್ಲಿ ಹೊರಗೇನೇ city bus ಹಿಡ್ಕೋತೀನಿ ಮತ್ತು office ವರೆಗೂ novel ಓದ್ತಿದೀನಿ, traffic stress ಏನೂ ಇಲ್ಲ.
m02423	Baarish ki shaam mein spicy red chutney ke saath steaming momos ki plate se better kuch nahi, main toh roz kha sakti hoon.
m02424	Pooja ko abhi bank mein padonnati mil gayi aur usne mujhe khushi se rote hue phone kiya, mujhe apni chhoti behen par bahut garv ho raha hai.
m02425	मैं मानता हूँ कि balanced perspective रखना ज़रूरी है, इसलिए reliable scientific journals पढ़ना helpful रहेगा।
m02426	Agar koi aur rare temple festival ka record mil jaye, toh turant share karna, sabko surprise denge .
m02427	ಇಂದು news ಪ್ರಕಾರ, ಜಗತ್ತಿನ kimchi export 2024ರಲ್ಲಿ 30% ಹೆಚ್ಚಾಗಿ, South Korea economy ಗೆ record-breaking boost ಆಗಿದೆ .
m02428	Mujhe lagta hai ki court decision se hi itna uncertainty nahi hoti, kyunki legal process mein aksar appeals aur extensions hote hain, isliye creators ko abhi panic karne ki zaroorat nahi.
m02429	ee prayatnadalli CA Final pareekshegaagi dinakke hanneradu gante oduttiddene, phalitaamsha baruvavarege ellaa saamaajika jaalataanagalannu alisiddene.
m02430	Tujhe bhi hamesha yaad rakhna chahiye ki hum sab ek dusre ke liye hain, toh drive karte waqt family ki safety ko top priority bana le .
m02431	PCB investigation ನಿಂದ ಯಾವ shocking document ಬರುವುದು ನಾನೂ real-time ನಲ್ಲಿ ನೋಡಬೇಕೆಂದು ಕಾಯುತ್ತಿದ್ದೇನೆ .
m02432	Sunday morning mooru set tennis aadide, nanna backhand finally solid anstu, club courts kooda almost khaali ittu.
m02433	Adakke nanna experience nodi, proper training mattu regular safety audit illaandre, idu same tragedy repeat aagabahudu, illa andre workers safe aagutte .
m02434	Har winter mein Shimla ki bahut yaad aati hai, pehli snowfall aur cousins ke saath balcony mein hot chocolate peena bahut miss karti hoon.
m02435	Kya aise cases future mein transparency ke liye aur strict criteria laane ki zaroorat nahi hogi?
m02436	मेरे desk पर हर late night सिड श्रीराम की आवाज़ के साथ ही गुज़रती है, पूरे हफ्ते से उसकी playlist repeat पे चल रही है।
m02437	अब हर Sunday mock test दे रही हूँ, CAT November में है और quant अभी भी weak है।
m02438	ನೀನು ಈ CDC study ಬಗ್ಗೆ ಕೇಳಿಯಾ? ಅವರು DBP levels urine-ನಲ್ಲಿ higher ಆಗಿರುವುದನ್ನು ಕಂಡುಹಿಡಿದರು.
m02439	ನಾನು ಕೂಡಾ ಕಳೆದ ತಿಂಗಳಲ್ಲಿ *Animal Well* try ಮಾಡಿದ್ದೆ, ಮತ್ತು ಮೊದಲ level ನ puzzle solve ಮಾಡಲು Discord ನಲ್ಲಿ strangers ಜೊತೆ brainstorm ಮಾಡಿದೆ .
m02440	President Bush free-market defend maadiddu, adre nanna doubt ide: ivattu propose maadta ide reforms yelli practical aagutte?
m02441	ಆಗ ನಾನು ತಕ್ಷಣ ಆ ಸ್ಟಾಲ್‌ owner‌ನಿಗೆ “ಇದು licence ಇಲ್ಲ, safety protocol follow ಮಾಡೋ” ಎಂದು ಕೇಳಿದೆ, ಅವರು ಕೂಡ scared ಆಗಿ licence apply ಮಾಡಲು promise ಕೊಟ್ಟರು .
m02442	Namma family ge emergency fund set maadidare future uncertainties handle maadbeku, especially job loss stats nodi.
m02443	ನೀನು ಹೇಳಿದಂತೆ real-time monitoring systems useful ಆಗಿದ್ದರೂ, ಅವುಗಳ high setup cost ಮತ್ತು tech dependency ನಿಂದ small-scale growers ಗೆ overkill ಆಗಬಹುದು, ಆದ್ದರಿಂದ basic manual checks ಮತ್ತು local expertise ನಿಂದ ಕೂಡಾ ಸಾಕಷ್ಟು control maintain ಮಾಡಬಹುದು .
m02444	सप्ताहांत की परीक्षा श्रृंखला में दाखिला ले लिया और कल पहला पूरा अभ्यास पत्र हल किया, गेट बस चार महीने दूर है, रफ़्तार बढ़ानी पड़ेगी।
m02445	Idu technology na power na misuse aagbahudu, adakke proper guidelines beku .
m02446	Arunachal ke revenue growth mein digitalisation zaroor important hai, lekin wahan ki forest-based royalties aur tourism revenues ka impact underestimate nahi kiya ja sakta .
m02447	Naanu nodiddare, family members ge regular power cut matte water tank refill time maatra change aagide, adre “normal” antha claim maadbeku antha feel aagutte .
m02448	Abhi Meghalaya ke flights book kiye, living root bridges par chalne aur mist mein waterfalls dekhne ka wait nahi ho raha.
m02449	Daily transactions ke liye ek choti “hot” wallet rakho, aur badi sums ko hamesha “cold” storage mein hi rakh, isse risk naturally kam ho jayega .
m02450	Lekin AI se banaya gaya deepfake video phir bhi logon ko confuse kar raha hai, aur har platform pe debate chalti hi reh rahi hai .
m02451	पर अगर आप इसे fold करके QR code स्कैन करो, तो actually कुछ solid tactics मिलते हैं जो border searches या surveillance से बचने में मदद कर सकते हैं .
m02452	Is tarah hum top-down aur bottom-up dono approach ko balance kar sakte hain.
m02453	ಈ attempt ಅಲ್ಲಿ CA Final ಗೆ ದಿನ ಹನ್ನೆರಡು ಗಂಟೆ ಓದ್ತಿದೀನಿ, results ಬರೋದಕ್ಕೆ ಮೊದ್ಲು ಎಲ್ಲ social media apps delete ಮಾಡಿದೆ.
m02454	is saptaah naye guruji ke saath veena ki kakshaayein shuru keen, lambe din ke baad taaron ki gehri awaaz se bahut sukoon milta hai.
m02455	Result aane ke baad humne ghar ke bahar ek choti si mithai ki plate rakhi, taki har ek "A+" ko celebrate kar sakein.
m02456	ಇದು futureದಲ್ಲಿ ಇಂತಹ incidents prevent ಮಾಡಲು ಹೇಗೆ impact ಮಾಡುತ್ತದೆ ಎಂದು ನೋಡೋಣ .
m02457	Ivatte 120 minors death row alli iddaare, five immediate execution ge ready, world nalli Iran junior executions ge top spot hold maadtha ide .
m02458	Building pakkada stall alli matte extra butter pav bhaji tinde, nanage yaava dish kooda idakke saati illa.
m02459	Agar driver sach mein honest hota, toh aise simple cheez bhi itni mushkil kyun hoti?
m02460	kal showroom se apni nayi Mahindra Thar SUV le aaya, aur seedha maa ko ek chhoti sair par le gaya.
m02461	Sensors zaroor consistency improve karte hain, par flavor ki nuance kahin kabhi-kabhi human intuition se hi capture hoti hai .
m02462	Is tarah ka inclusive environment sabko ek dusre ki beliefs ko respect karna sikhaata hai, jo overall productivity ko bhi improve karta hai .
m02463	pichhle mahine drum ki kakshaon mein daakhila le liya, padosi abhi se shor ki shikayat kar rahe hain par shikshak kehte hain ki meri taal bilkul sahi hai.
m02464	Mooru tingalininda completely gluten-free iddini, hotte ishtu haguraagide, aadre bakery vaasane bandre torture.
m02465	क्या तुम्हें लगता है कि $45 million Pulse memorial की controversy जैसी global stories हमें community solidarity के बारे में नया perspective दे रही हैं?
m02466	ಟಾಟಾ ಮೋಟಾರ್ಸ್‌ನಲ್ಲಿ ನಮ್ಮ ತಂಡದ ದೊಡ್ಡ ಉತ್ಪನ್ನ ಬಿಡುಗಡೆ ಈಗಷ್ಟೇ ಮುಗಿದಿದೆ, ಆದ್ದರಿಂದ ನಾನು ಕೊನೆಗೂ ಉದ್ದ ವಾರಾಂತ್ಯದ ರಜೆ ತೆಗೆದುಕೊಳ್ಳುತ್ತಿದ್ದೇನೆ.
m02467	Ninne raatri IPL match nodakke late varegu echchara idde, nanna Rajasthan Royals last over alli geddu bittu, enu game!
m02468	साथ ही emergency में लोग अक्सर passphrase भूल जाते हैं, इसलिए static voice-note के भरोसे नहीं रहना चाहिए .
m02469	ಜೂನ್‌ನಲ್ಲಿ ನಮ್ಮ ಲಡಾಖ್ ರಸ್ತೆ ಪ್ರವಾಸ ಖಚಿತವಾಗಿದೆ, ಅದಕ್ಕೂ ಮೊದಲು ಒಳ್ಳೆಯ ಉಣ್ಣೆ ಬಟ್ಟೆಗಳನ್ನು ಖರೀದಿಸಬೇಕು.
m02470	ಕೊಳಲು ತರಗತಿಗೆ ಸೇರಿ ಮೂರು ತಿಂಗಳಾಯಿತು, ಈಗ ಕರ್ಕಶ ಶಬ್ದ ಬಾರದಂತೆ ಇಡೀ ರಾಗವನ್ನು ನುಡಿಸಬಲ್ಲೆ, ನೆರೆಹೊರೆಯವರೂ ನಿರಾಳರಾಗಿದ್ದಾರೆ.
m02471	Sebelius की past tax issues को हम current policy competence से अलग देखना चाहिए, क्योंकि एक nominee की qualification मुख्य रूप से उसके expertise पर आधारित होती है, न कि पिछले accounting errors से ।
m02472	main subah saat baje naashte se pehle thodi daud lagane jaati hoon, isse poora din oorja bani rehti hai.
m02473	IKEA outlet nalli yenu specific items nodidira, avara warranty policy bagge details share maadbahuda?
m02474	dantavaidyanaagiruvudu endare gantegattale nillabeku, indu clinicnalli ondara melondu root canal maadida mele nanna bennu noyuttide.
m02475	Weekend par finally ek second-hand Maruti Swift le li, mileage zabardast hai aur use dhote dhote thakta hi nahi.
m02476	ಅಪ್ಪ, ಇತ್ತೀಚೆಗೆ ಕೆಲಸದ ಒತ್ತಡ ಹೆಚ್ಚಾಗಿ ನಿನಗೆ ಕಷ್ಟವಾಗುತ್ತಿದೆಯೆ? ನಮ್ಮ future savings ಗೆ ಯಾವ low-risk investment options ನು stable ಆಗಿ ತೋರುತ್ತವೆ ಎಂದು ನೀನು ಸಲಹೆ ಕೊಡಬಲ್ಲೀಯಾ?
m02477	जब मैं आज सुबह अपने घर के बगीचे में वो लाल-white spots वाला mushroom देखी, तो तुरंत याद आया वो fairy-tale का fly agaric .
m02478	कल साइकिल से गड्ढे पर गिर गई और अब कलाई पर खपच्ची बँधी है, टाइप करना और बाल बनाना भी मुश्किल हो गया है।
m02479	Ab har bade faisle pe hum sab milke discuss karte hain, warna tension aur resentment hi banta .
m02480	कल शोरूम से अपनी नयी महिंद्रा थार एसयूवी ले आया, और सीधा माँ को एक छोटी सैर पर ले गया।
m02481	keto praarambhisi ippattu dinagalaadavu, anna mattu bread sampoorna nillisiddene, mooru kilo tooka kadimeyaagide, eega modaliginta hechchu motte mattu cheese tinnuttiddene.
m02482	Nanna taya's secret biryani recipe na YouTube channel nalli share maadidru, adanna monetize maadidre taya permission illa andre family madhya tension barabahudu .
m02483	अक्सर ऐसे crises में board-level policies और national helplines का stronger coordination ज़्यादा impact देता है, क्योंकि resources unevenly distributed होते हैं ।
m02484	Agle weekend ke liye koi nature walk ya lake-side picnic plan kar lete hain, taaki fresh air aur masti dono mil sake.
m02485	Office के पास का नया restaurant सच में proper Jain food serve करता है, no onion, no garlic, no root vegetables, इसलिए पूरा week वहीं खाऊँगा।
m02486	saptaahaant par aakhirkaar ek purani Maruti Swift le li, mileage zabardast hai aur use dhote-dhote thakta hi nahi.
m02487	दो हफ़्ते पहले जयपुर आ गया, घर अच्छा है पर भीड़ के समय किन सड़कों से बचना है यह अभी तक समझ रहा हूँ।
m02488	Bluetooth drops के लिए मैं अक्सर speaker को router से दूर रखती हूँ और 2.4 GHz band पर थोड़ा congestion हो सकता है, तुम्हारा अनुभव कैसा रहा?
m02489	IIT Bombay ಅಲ್ಲಿ ನಮ್ಮ batch ten-year reunion ಬರ್ತಿದೆ, ಇಷ್ಟು ವರ್ಷದ ಮೇಲೆ ಎಲ್ಲರನ್ನ meet ಆಗೋದಕ್ಕೆ nervous ಆಗ್ತಿದೆ.
m02490	Nannu nimma point nodiddini, aadare nanu beda antha kelasa illa andre, doctor clearance ide andre adu thorough evaluation mele aadharita aagide, adakke he can continue with proper monitoring .
m02491	Road-trip ke liye main ek chhota cooler bag leke jaata hoon jisme boiled eggs, Greek yoghurt aur protein bars rakh leta hoon, taaki jab bhi bhook lage fast-food ki jagah healthy option mil jaye .
m02492	Avaru nine years dig madidru, aadhare Jewish artifacts illa andre, adu yenu signal kodutte?
m02493	विक्रम ने anniversary पर bed में breakfast ला कर surprise किया, मेरे पति को खाना बनाना नहीं आता पर उन्होंने इतनी कोशिश की कि मैं रोने वाली थी।
m02494	Saath hi, over-the-air updates ka benefit yeh hai ki car hamesha latest features ke saath aage badhegi, isliye future-proof feel hota hai .
m02495	ತಬಲಾದಲ್ಲಿ ನನ್ನ ತೀನ್ ತಾಲ್ ಕೊನೆಗೂ ಸ್ಥಿರವಾಗಿದೆ ಎಂದು ಗುರುಗಳು ಹೇಳಿದರು, ಮೂರು ತಿಂಗಳ ಅಭ್ಯಾಸಕ್ಕೆ ಫಲ ಸಿಕ್ಕಿತು.
m02496	Idu ellarigu quick reference aagbeku, sudden issue bandre panic illa, smooth action na handle maadbeku .
m02497	ಈಗ ಕಚೇರಿ ಮುಗಿದ ಮೇಲೆ ಸಂಜೆ 7 ಗಂಟೆಗೆ ವ್ಯಾಯಾಮ ಮಾಡುತ್ತೇನೆ, ಬೆಳಗಿನ ಸಮಯ ನನ್ನ ನಿದ್ದೆಗೆ ಹೊಂದುತ್ತಿರಲಿಲ್ಲ.
m02498	ee varshadinda naanu maamsa mattu meenu bittiddene, motte maatra tinnuttene, omelette innu nadeyuttade.
m02499	indu kacheerige hoguva local railu ondu nimishadinda tappi hoyitu, mundina railinalli nuggabekaayitu, mahilaa bogi kikkiridu tumbittu.
m02500	ನಾನು ಕೂಡ Sundays ನಲ್ಲಿ leaves pluck ಮಾಡದೆ, regular cleaning ಮಾಡುತ್ತಾ, family finances smooth ಆಗಿವೆ ಎಂದು ನಂಬುತ್ತೇನೆ .
m02501	ivattu Aaravna modala hallu bittu, eega avanu hallina yakshiniya bali hana keluttiddaane.
m02502	ನಾನು ಜರ್ಮನ್ ಭಾಷೆಯ ಎ1 ಪರೀಕ್ಷೆಯಲ್ಲಿ ತೇರ್ಗಡೆಯಾದೆ! ಆದರೆ der, die, das ಎಂಬ ಉಪಪದಗಳು ಇನ್ನೂ ಗೊಂದಲ ಮಾಡುತ್ತವೆ.
m02503	Bullman joke overreacted aagbahudu, but bold jokes yelli attention koodisi, voters ge connect maaduttave.
m02504	Finally Sunday brand new Kia Seltos ಮನೆಗೆ ತಗೊಂಡ್ ಬಂದೆ, ಮೊದಲ drive ಗಿಂತ ಮೊದ್ಲು ಅಪ್ಪ ಅಮ್ಮ coconut ಮತ್ತು ನಿಂಬೆಹಣ್ಣು ಇಂದ ಪೂಜೆ ಮಾಡಿದ್ರು.
m02505	ಅವನ “katechon” narrative political narratives ನನ್ನು legitimize ಮಾಡಲು ಬಳಸುವ strategy ಆಗಿದೆ, ಇದರಿಂದ investors ಗೆ narrative-driven legitimacy ಸಿಗುತ್ತದೆ .
m02506	ಇವತ್ತು ದಿನ ಪೂರ್ತಿ site ಅಲ್ಲಿ ಹೊಸ villa foundation ಕೆಲಸ check ಮಾಡಿದೆ, architect ಆಗಿದ್ರೆ ಚಪ್ಪಲಿ ಯಾವಾಗ್ಲೂ ಕೆಸರಲ್ಲಿ ತುಂಬಿರುತ್ತೆ.
m02507	aaj aakhirkaar apni nayi Hyundai Creta ki supurdagi li, showroom ne muft gaadi ka aavaran diya aur pehli sawaari par mummy-papa bhi saath aaye.
m02508	ivattu chikitsaalayadalli satatavaagi aaru rogigalu iddaru, hechchinavaru monakaalina chikitsege bandavaru. physiotherapist kelasa kelavomme tumba aayaasa taruttade.
m02509	ivattu kooda metrodalli kacherige hode, tumba janasandani ittu, aadaroo ondu gante vaahanadattaneyalli kulitukolluvudakkinta uttama.
m02510	मैं एक formal data-privacy policy draft करूँगी जिसमें Zoom-like services के लिए explicit consent workflow और audit log शामिल होगा .
m02511	vaaraantyada pareekshaa sarigege serikonde, ninne modala poorna abhyaasa patrikeyannu bidiside, GATE innu naalku tingalu maatra ide, vega hechchisabeku.
m02512	Kya koi ne already preference lock kar liya hai या अभी भी scramble mode में है?
m02513	kacheriyalli mettilugala mele jaari bidde, monakaalu teevravaagi tiruchikonditu, physio asthirajju uluku endaru, ondu tingalu oduvantilla.
m02514	Filtration tech ka idea accha lagta hai, lekin practically uski cost aur maintenance bahut high hoti hai, especially remote areas jaise Palawan mein.
m02515	Ninna opinion share maadi, next steps yenu aagbahudu antha?
m02516	Last week ಕೊಚ್ಚಿ ಗೆ shift ಆದೆ, ನನ್ನ balcony backwaters ಕಡೆ ಇದೆ, ಪ್ರತಿ ಬೆಳಿಗ್ಗೆ ಚಹಾ ಕುಡಿಯುತ್ತಾ boats ನೋಡ್ತಿದೀನಿ.
m02517	ಹಾಗೆಲ್ಲಾ, Ramos penalty ನಿಂದ after-time drama ಅಷ್ಟು intense ಆಗಿದ್ದರಿಂದ, crowd ನ reaction ನ exact moment ನ video ನಮಗೆ ಕಳುಹಿಸಬಲ್ಲಿರಾ?
m02518	Agar diesel cost itni kam ho jaye, toh kya Bangladesh ke small towns mein bhi koi new industries attract hogi?
m02519	अगर हम quarterly review meetings रखे और community feedback loops integrate करें, तो policy adjustments जल्दी से adapt हो पाएँगे
m02520	indu pianodalli poorti haadannu ondoo tappillade nudiside, nanna shikshaki chappale tattidaru, nanage nipunarante anisitu.
m02521	ಇವತ್ತು clinic ಅಲ್ಲಿ back to back six patients, mostly knee rehab cases. Physiotherapist ಆಗಿರೋದು ಕೆಲವು ಸಲ ತುಂಬಾ ಸುಸ್ತು ಮಾಡುತ್ತೆ.
m02522	इतना जल्दी Mini app का blue bubble Android पर काम कर गया, फिर अचानक crash हो गया, क्या Apple ने पीछे से कोई hidden block डाला है?
m02523	बेटा, California में Proposition 4 upcoming vote है, जो minors को abortion से पहले parental notification की demand करता है।
m02524	Is experience se lagta hai ki proper vetting ke baad, top-secret environment me bhi aise tools kaam kar sakte hain, bas thoda extra testing zaroori hai
m02525	QR code ka misuse bahut hi rare hota hai aur unke overall protocols ab bhi kaafi strong hain.
m02526	Agar kabhi invest karna ho, toh thorough research aur risk assessment pe focus kar, taaki koi unexpected loss na ho.
m02527	aakhirkaar agle mahine ki chhutti manzoor ho gayi, Spiti ghaati ke liye garam kapde rakh rahi hoon aur baar baar mausam ka haal dekh rahi hoon.
m02528	Ee case nalli gender transition discrimination na law alli clarity barutte, that's huge!
m02529	Unka advanced cargo network hamare chhote manufacturers ko faster global reach dega, especially pharma aur tech gadgets ke exports ke liye .
m02530	मैं मंगलुरु में पैदा हुई और वहीं पली-बढ़ी, इसलिए भारी बारिश और ताज़ी मछली की आदत है, बाकी सब कुछ फीका लगता है।
m02531	आज confirmation email आ गया, दो हफ्ते में Amazon join कर रही हूँ और मैंने हर onboarding video दो बार देख ली है।
m02532	roz raat guitar ka abhyaas karne se ungliyon ke sire dukh rahe hain, par aaj aakhirkaar poora chord progression bina khadkhadaahat ke baja liya.
m02533	roz subah paanch baje alarm bajta hai aur main sabse pehle gym pahunch jaata hoon, din ka yahi ek shaant samay mujhe milta hai.
m02534	मैं थोड़ा अलग perspective से देखता हूँ, क्योंकि मेरे हिसाब से उनका “educational” टैग सिर्फ veneer नहीं बल्कि genuine knowledge-share platform है ।
m02535	nanna tangi Ishita indu beligge kaiyinda maadida huttuhabbada card kottu achcharigolisidalu, naanu upaahaarada mejina baliye bhaavukanaade.
m02536	Ford Volvo mele sale consider madtha idde, adakke avara financial position weak aagthide, market uncertainty namma family car loan plan ge risk create madabahudu.
m02537	जब मैंने अपने कॉलेज का एक experimental theatre project किया, तो director ने हमारे budget को cut कर दिया और कहा कि हम सभी “no-pay” mode में काम करेंगे, सिर्फ learning के लिए.
m02538	Weekend test series join kar li aur kal pehla full mock solve kiya, GATE bas chaar mahine door hai, speed badhani padegi.
m02539	ಈ decision ನಿಂದ ನಮ್ಮ voting process ಗೆ ಏನು ಪರಿಣಾಮ ಬೀರುತ್ತದೆ ಎಂದು ನಿನ್ನ ಅಭಿಪ್ರಾಯ ಏನು?
m02540	इसलिए यह कहना कि प्रभाव केवल “limited to messaging” रहेगा, शायद थोड़ा optimistic है; real market dynamics में ये policy tweaks धीरे-धीरे ripple effect डालेंगे ।
m02541	ಇಂದು ಬೆಳಿಗ್ಗೆ ನನ್ನ ಬೆಕ್ಕು ಸಿಂಬಾ ಮತ್ತೆ ನನ್ನ ಕಾಫಿ ಲೋಟವನ್ನು ಮೇಜಿನಿಂದ ಕೆಳಗೆ ಬೀಳಿಸಿತು, ನಂತರ ನನ್ನದೇ ತಪ್ಪು ಎಂಬಂತೆ ನೋಡಿತು.
m02542	अभी मेघालय के flights book किए, living root bridges पर चलने और mist में waterfalls देखने का wait नहीं हो रहा।
m02543	Wow, ballet ನಲ್ಲಿ flat feet ಬಗ್ಗೆ stigma ಇನ್ನೂ ಇರುತ್ತದೆ ಎನ್ನೋದು ನಿಜ surprise ಆಗಿದೆ!
m02544	pratidina ippattu nimisha appnalli Tamil abhyaasa maaduttene, nanna hosa sahodyogigalu madhyaahnada ootadalli adannu maatanaaduttaare, nanage ontitana anisuttade.
m02545	ನಾನು price ಬಗ್ಗೆ ಸ್ವಲ್ಪ ಬೇರೆ ದೃಷ್ಟಿ ಹೊಂದಿದ್ದೇನೆ, ಏಕೆಂದರೆ ಈ ಮಷಿನ್‌ನಲ್ಲಿ four flippers, tarantula magnet, animatronic Kong ಹಾಗು premium artwork ಇದೆ, ಅದೆಲ್ಲವೂ $6,999ಗೆ fair value ಆಗಿದೆ .
m02546	Idu family level alli “everyone gets something they can enjoy” principle na practice maadbeku antha nodi, illa andre future gatherings alli resentment barabahudu .
m02547	Main sochta hoon ki hum thoda research kar lein, reviews aur benchmarks dekh ke best model decide karein .
m02548	कार्यालय घर के काफी पास है, इसलिए मैं रोज़ सुबह पैदल ही पहुँच जाता हूँ, पैसे भी बचते हैं और दिमाग ताज़ा हो जाता है।
m02549	Friday ko Diya ka annual day dance hai aur mujhe abhi bhi uska costume stitch karna hai.
m02550	Naan consent checklist haaki, each shoot ge pre-approval secure maadthini .
m02551	vimaanadalli vichitra bhangiyalli malagidde, eddaaga kuttige eshtu bigidittendare edabala noduvudoo kashtavaayitu.
m02552	Naval presence naalinda maritime data sharing improve aagutte, so our logistics firms route planning nalli extra cost illaade efficiency haakbahudu .
m02553	Ananyage Canadadalli snaatakottara padavige pravesha sikkide, nanna tangiya bagge tumba hemme!
m02554	Poore hafte food order nahi kiya aur wo paise jar mein daal diye, bas kuch months aur, phir wo MacBook mera hoga.
m02555	kolalu taragatige seri mooru tingalaayitu, eega karkasha shabda baaradante idi raagavannu nudisaballe, nerehoreyavaroo niraalaraagiddaare.
m02556	Poora din site par naye villa ki foundation ka kaam check karti rahi, architect hone ka matlab hai ki mere joote hamesha keechad se bhare rehte hain.
m02557	ನನ್ನ ಗಂಡ ರಾಹುಲ್ ಇಂದು ಕೇಳದೆಯೇ ನನ್ನ ಮಧ್ಯಾಹ್ನದ ಊಟ ಕಟ್ಟಿಕೊಟ್ಟರು, ಡಬ್ಬಿಯ ಮೇಲೆ ಸಣ್ಣ ನಗುಮುಖವನ್ನೂ ಬರೆದಿದ್ದರು.
m02558	raatri tadavaaguvavaregu Manchester United pandya nodide, koneya nimishada geluvina golige eshtu koogidenendare nerehoreyavarige khandita kelisiruttade.
m02559	ಮುಂದಿನ ವಸಂತಕ್ಕೆ ಟೋಕಿಯೋಗೆ ವಿಮಾನ ಟಿಕೆಟ್ ಕಾಯ್ದಿರಿಸಿದೆ, ಈಗಲೇ ರಾಮೆನ್ ಅಂಗಡಿಗಳನ್ನು ಗುರುತು ಮಾಡಿಕೊಳ್ಳುತ್ತಿದ್ದೇನೆ, ಏನು ಒಯ್ಯಬೇಕೆಂದು ಯೋಚಿಸುತ್ತಿದ್ದೇನೆ.
m02560	WIRED ಇನ್ನೂ ಯಾವ cables ಅಥವಾ accessories ಇತ್ತು price drop ಆಗಿದೆ ಅಂದ್ರೆ, ನಾನೂ ಸ್ವಲ್ಪ ಹುಡುಕುತ್ತಿದ್ದೇನೆ .
m02561	इसलिए ये कहना कि gender effect सिर्फ उन variables की वजह से है, थोड़ा over-simplify लगता है .
m02562	ಇವತ್ತು piano ಅಲ್ಲಿ full song ಒಂದು mistake ಇಲ್ಲದೆ ಬಾರಿಸ್ದೆ, ನನ್ನ teacher clap ಮಾಡಿದ್ರು, ನಂಗೆ pro ತರ feel ಆಯ್ತು.
m02563	Civil engineer होने का मतलब है helmet पहन कर पूरा दिन site पर rebar check करना, और मेरे बाल कभी ठीक नहीं होते।
m02564	अब मैं रोज़ सुबह 6 बजे जिम जाती हूँ, सिर्फ उसी वक्त दौड़ने वाली मशीनें खाली मिलती हैं।
m02565	ऐसा करने से सिर्फ aggregate नहीं, बल्कि व्यक्तिगत location और IMSI जैसी पहचान योग्य जानकारी भी leak हो सकती है, जो privacy के लिए bigger risk है ।
m02566	Mujhe lagta hai ki hum local NGOs ke saath milke ek “watch-dog” group banayein, jahan har mahine ek short briefing ho aur media ko press release dene ka plan ho .
m02567	साथ ही, इस नई fab facility को चलाने के लिए skilled technicians की training timeline क्या है, ताकि production delay न हो?
m02568	साथ में मैंने protein-shake को breakfast में add किया, लेकिन सिर्फ “whey” नहीं, बल्कि homemade chickpea-tofu blend इस्तेमाल किया, जिससे energy levels steady रहे और “crash” नहीं हुआ ।
m02569	ಇಂದು ಕಾರಿನಲ್ಲಿ ಬರುತ್ತಿದ್ದ ಹಳೆಯ ಕೆಕೆ ಹಾಡುಗಳನ್ನು ಕೇಳಿ ಇನ್ನೂ ಭಾವುಕನಾಗಿದ್ದೇನೆ, ಅವರ ಧ್ವನಿ ನನಗೆ ಹದಿಹರೆಯದ ದಿನಗಳನ್ನು ನೆನಪಿಸುತ್ತದೆ.
m02570	ಜೀವನವಿಡೀ ಒಂದೇ ತಿನಿಸು ತಿನ್ನಬೇಕಾದರೆ, ಅದು ಮಟನ್ ಬಿರಿಯಾನಿಯ ತಟ್ಟೆಯೇ.
m02571	Naale nanna breakfast ge butter illa andre, nanu chala tension aaytu, especially when coffee ge extra swirl beku .
m02572	Disaster aftermath nalli insurance claim process proper paperwork haakbeku, claim status online track maadi, adjuster na contact maadi; idu time waste aagalla.
m02573	Adakke, artists religious identity open maadidare, public discourse more inclusive aagabahudu .
m02574	Chote goals ke saath realistic expectations aur mental breaks bhi zaroori hain, tabhi habit sustainable banti hai .
m02575	ಪ್ರತಿ night office ಆದ್ಮೇಲೆ three hours CFA prep ಮಾಡ್ತಿದೀನಿ, ethics readings ಅಂತೂ ಮುಗಿಯೋದೇ ಇಲ್ಲ.
m02576	Aur yeh 30 Gbps ka number, abhi ke reality se kitna door hai, samajh nahi aata.
m02577	Mujhe bhi aise real-world data dekhna hai, taaki winter trekking ke liye exact battery planning kar sakun.
m02578	Har hafte media-free dinner perfect lagta hai, par thoda flexibility rakhna zaroori hai, warna koi urgent kaam ya guest aane se plan cancel ho sakta hai .
m02579	दिवाली के लिए हुबली वापस जा रहा हूँ जहाँ मैं पला-बढ़ा, माँ के हाथ के खाने और पुराने बाज़ार की रोशनी का इंतज़ार है।
m02580	और while music और check-in helpful हैं, मैं सोचता हूँ कि on-site medical teams और emergency evacuation plans को strengthen करना ज्यादा प्रभावी रहेगा .
m02581	ninne raatri Ganga aaratiya nera prasaara nodi kannu tumbi bantu, Varanasiya sanjeya ghaat tumba nenapaaguttide.
m02582	ये BMW i7 का tech सच में futuristic लग रहा है ।
m02583	Mujhe thoda alag lagta hai ki sirf grammar tip se hi bachchon ki tension kam ho jayegi, kyunki unka emotional response aksar surface level se bahar hota hai.
m02584	Agar hum sirf evacuation orders ko manipulate karne tak limit kar dein, to hum ground realities aur civilian trauma ko underestimate kar denge.
m02585	aakhirkaar pichhle hafte Pune aa gayi, daftar se das minute ki doori par ghar mil gaya.
m02586	Idu family ellara safety ge extra shield haaguttade.
m02587	Rohan ki December mein shaadi hai, bada bhai hone ke naate saari sangeet planning main hi kar raha hoon.
m02588	ಈಗ ನಾನು 9 pm ಗೆ gym ಗೆ ಹೋಗ್ತೀನಿ, ಆ time ಅಲ್ಲಿ almost ಖಾಲಿ ಇರುತ್ತೆ, favourite treadmill finally ಸಿಗುತ್ತೆ.
m02589	ಇಂದು ನಾನು ಮನೆಗೆ ತಡವಾಗಿ ಬಂದಿದ್ದರಿಂದ ಕಾರ್ತಿಕ್ ರಾತ್ರಿ ಅಡುಗೆ ಮಾಡಿದರು, ನನ್ನ ಗಂಡ ಈಗ ನನ್ನನ್ನು ತುಂಬಾ ಚೆನ್ನಾಗಿ ನೋಡಿಕೊಳ್ಳುತ್ತಾರೆ.
m02590	Yeh capacity-building programme ka idea सुनके मैं सच में curious हूँ, क्या ये nationwide scale पर भी work कर पाएगा?
m02591	ನಾನು ಹತ್ತಿರದ ಜಿಮ್‌ನಲ್ಲಿ group yoga join ಮಾಡ್ತಾ, ಇದರಿಂದ both physical ಮತ್ತು mental health sync ಆಗುತ್ತಿದೆ .
m02592	Aaj clinic mein back to back six patients the, mostly knee rehab cases. Physiotherapist hona kabhi kabhi bahut thaka deta hai.
m02593	Yeh dekh ke sach mein hairani ho rahi hai ki kitna bold color combo choose kiya Nike ne, jaise koi comic book cover ho!
m02594	ಆದ್ರೆ Volt Typhoon ಮತ್ತು Sandworm ನ activities ನ್ನು ನಿಜವಾಗಿಯೇ ಗಮನಿಸಬೇಕು, ಇಲ್ಲದಿದ್ದರೆ safety ನು lose ಆಗಬಹುದು .
m02595	मैं confident हूँ कि हमारे combined networks और interdisciplinary collaborations से funding pipelines smooth हो जाएंगे और policy-impact measurable होगा .
m02596	ನೀನು ಕೂಡ ಇದನ್ನು check ಮಾಡು, ಆಗ ನೀನು next upgrade ಗೆ ready ಆಗಿ ಹೋಗಬಹುದು .
m02597	तुमने जो video-format idea दिया था, उसके लिए कौन-से platforms सबसे effective लगते हैं, ताकि हम जल्दी reach बना सकें?
m02598	Iga nimminda guidance haakiddare, family safety plan strong aagutte, namma bond strong aagutte
m02599	Isliye main sochta hoon ki humare family ke experiences se hi ye clear hota hai ki koi watchdog group bina oversight ke kaafi risky hai .
m02600	Maine bhi ek baar apne cousin ke property dispute mein police report ke liye request ki thi, lekin unhone do din tak koi reply nahi diya aur hume court ke through jaane ki majboori hui.
m02601	Us raat jab sab log stage se bahar aate hue discuss kar rahe the, maine bhi apni notebook mein notes likhne shuru kiye, aur ab woh notes mere daily motivation ka part ban gaye hain.
m02602	मेरा बिजली वाला स्कूटर रात भर चार्ज करने में लगभग कुछ खर्चा नहीं आता, और सुबह की भीड़ के बीच मुझे दफ़्तर किसी भी टैक्सी से जल्दी पहुँचा देता है।
m02603	Us din hum sab ne ek chhota debate competition bhi kiya tha, jisme politics ki samajh aur bhi gehri hui.
m02604	Agar koi article bahut sensational lag raha ho, to usko ek din “cool-off” kar de aur phir calm mind se dubara dekh.
