m03652	I save a little from each salary, and my dream is to open my own café one day with good coffee and cake.
m03653	Every Saturday evening I play table tennis with friends at the club, the loser has to bring snacks—that's our rule.
m03654	But if someone wants structured guidance, we can try once.
m03655	I've bought everything from Mangaluru, so I'm used to fresh fish; other things taste bland.
m03656	Vikram made a surprise breakfast in bed for our anniversary, and he tried hard even though he struggled with cooking; I was really touched.
m03657	After finishing work every night, I do a bit of cardio, and the SSC CGL exam is coming soon—I need to be fully prepared.
m03658	I bought an Ather 450X electric scooter last month, and now I don't have to wait for an auto in the rain!
m03659	I moved to Bhubaneswar last week and I'm still unpacking in my new flat, and the humidity here is amazing.
m03660	Practicing this balanced approach with you makes me happy, and let's keep maintaining it in future decisions too.
m03661	I've been doing intermittent fasting for a month now, following the 16:8 time rule, I've lost three kilos and no longer feel that afternoon drowsiness.
m03662	My first thirty-day Duolingo streak is complete, now I can order tapas in Spanish without pointing at the menu.
m03663	I spent half the day waiting at court for my case to come up, and honestly, a lawyer's work is mostly patience.
m03664	I bought RCB jerseys for the whole family, and we're going to the Chinnaswamy Stadium on Sunday for a home match.
m03665	I gave the kids a fun challenge to collect plant-based stickers on each ride, and this builds enthusiasm and future sustainability habits.
m03666	I think his apology might just be a PR stunt to restore his brand's credibility.
m03667	This morning I slipped in the bathroom and fell on my elbow, now there's swelling and I can barely bend it.
m03668	I'm getting a bit worried that with all this focus on the royal visit, our country's real problems—like education and health—are falling far behind.
m03669	My team at Tata Motors just finished a major product launch, so finally I'm taking a long weekend off.
m03670	If you're also hunting for vintage pieces, let's look for some sustainable finds together.
m03671	What do you think—what steps should the industry take to prevent such financial disputes?
m03672	My heart's song is yours, my prayers are all safe steps.
m03673	I finish work and head straight to the gym at 6 p.m., the evening crowd is friendly and the music is loud.
m03674	NATO troops are safe, but I'm curious why I should care about every detail of civilian casualties.
m03675	I'm worried these attacks will spread to northern Iraq too, and it's not clear what steps we should all take to avoid this instability.
m03676	This morning my cat Simba knocked over my coffee cup again, and she looked as if it were my fault.
m03677	I started cycling to work every morning—it's only four kilometers and I don't have the hassle of parking.
m03678	Every month I put aside part of my salary into a separate account; next summer I want to take a two-week trip to Europe.
m03679	I was looking at old photos from my MBA days at IIM Ahmedabad, and those late-night study groups were truly memorable.
m03680	After work every night at 8 p.m. I head to the gym, the evening crowd is getting quite strong.
m03681	If you test this player in the real world, what's the gap between Blu-ray and DVD?
m03682	But food inflation is still at 6.17%, so seeing mango prices doesn't feel right.
m03683	This small exchange triggered the algorithm, and a cascade of 'war memes' ran through our family feed for an hour, and I laughed till I was exhausted.
m03684	I can't eat shrimp at all—my lips swell from even one bite—so I always check the menu before ordering at restaurants.
m03685	Budgeting together is good, but adding a short financial literacy session would empower everyone more.
m03686	Mithu said good morning to me today, now my parrot just repeats whatever I do when I open the curtains.
m03687	The Al-Athamna family lost 18 members, including 8 children.
m03688	There's a dance celebration for Diyala every Friday; I need to get her ready with clothes.
m03689	My desk at night is filled with Sid Sriram's voice, his playlist has been on repeat all week.
m03690	The neighbor's kid can play the whole hymn and I'm still searching for the right note on my harmonium.
m03691	When I watched that film, I felt exactly the mixture of comedy and sorrow in my family's dynamics, especially after the tone shift at intermission.
m03692	Do you think this process could completely increase the influence of specific interest groups?
m03693	Black voters' declining support is also a factor, but if Harris presents a clear roadmap on economic reforms and criminal justice changes, she can naturally win back trust.
m03694	When we return home in the evening, everyone will get a cozy temperature from the built-in climate control, so we'll be comfortable even on cold evenings.
m03695	I saw the news about the letter and police and FBI rapid response; I hope our safety protocols are strong.
m03696	This sudden development really blew my mind—can we learn the real consequences of a "bad leader trap" so quickly?
m03697	My son Reyaansh took his first tottering steps today, I shouted so loud that my wife thought something broke.
m03698	Nikhil called me at midnight about his new gaming setup, my brother stayed up very late talking about it.
m03699	My alarm goes off at 6:30 a.m. and five minutes later I'm on my yoga mat, it's my one quiet hour of the day.
m03700	Nothing beats a plate of steaming momos with sharp red chutney on a rainy evening, I could eat it every day.
m03701	Therefore, we should incorporate bold actions at strategic moments while still maintaining overall policy coherence.
m03702	I went fully vegan six months ago—no milk, no cheese—and honestly I feel so energetic now.
m03703	I think we should make a short teaser video and post it on Instagram reels so we can generate interest first.
m03704	I booked the squash court again for Saturday morning; it's the one way I can release a week's worth of frustration.
m03705	In your estate plan, your will and durable power of attorney documents need recent review, otherwise future legal hassles will pile up.
m03706	These rare events are making me think about how we should evolve future-proof insurance policies and debris-tracking technology.
m03707	That's why I suggest you first re-evaluate your overall risk profile, then decide on an aggressive entry point—otherwise your capital might get stuck in an unnecessary dip.
m03708	I think it's not necessary for everyone to convert to PNG immediately, because some people don't have access to online booking.
m03709	Let's see when independent verification comes, because without proof all this seems a bit speculative.
m03710	I've started a separate savings account each month, every rupee is for the Char Dham pilgrimage I want to do for my parents.
m03711	Have you ever thought about exploring real-world trading algorithms or market-data pipelines in your project?
m03712	Working with Aamir for a short time was interesting, but the fact that we didn't form a deep bond is a bit surprising.
m03713	Did you see that news where Charles Hill criticized the Bush administration's foreign policy?
m03714	Today the site inspection checked the foundation work for a new villa; the architect said the quality is way off.
m03715	He endorsed Trump and claims he's concerned about people's safety from chronic disease—hearing this really confused me.
m03716	At that time, my cousins and I were eating wild berries in the nearby fields, and even though nutrition was low and satisfaction was lacking, we did whatever we could to ease our hunger.
m03717	Shankersinh's fuel pledge also seems quite unexpected—will it reflect ground reality?
m03718	What do you think the DEA raid's impact will be on legal proceedings?
m03719	I spent the whole day cleaning messy spreadsheets and building dashboards; being a data analyst means working like a detective with numbers.
m03720	Seeing that makes me think political motives can mix into family events too, especially when people use donations as an excuse to push their own agenda.
m03721	If we plan space a bit and do proper weatherproofing, we can have a steam party on the weekend.
m03722	Let's carry this energy forward and keep making amazing robotics journeys together, always with positivity.
m03723	I booked the badminton court for Saturday morning, my smash is finally improving.
m03724	My first week at Infosys is done; the initial training sessions were long, but my team turned out great.
m03725	Ananya got admitted to her master's in Canada, I'm really proud of my little sister!
m03726	I'm eating more protein-rich food these days—lots of eggs, paneer and lentils—because I want to build some muscle before summer.
m03727	Doing tech experiments with you makes our memories even more colorful.
m03728	Immediate preventive measures and community awareness must be a priority, otherwise the next attack will be a surprise.
m03729	For this effort I'm studying twelve hours a day for the CA final exam, and I deleted all social media until the results come.
m03730	I got an appraisal letter from Razorpay today; after two years of hard work in the payments team, I finally got a good raise.
m03731	My beagle Coco chewed my slippers again this morning, but I forgave her when I saw her cute eyes.
m03732	I understand a professional coach might be expensive, so I'd suggest watching free vocal drills on YouTube and getting regular feedback from the r/singing community on Reddit.
m03733	I wonder what the texture and flavor level would be if we dried it in the sun in one day.
m03734	Wow, were you surprised by the Eve Motion Sensor's reliability?
m03735	I carpool to the office with two colleagues from my area, taking turns driving, which saves a lot on gas.
m03736	I finally bought a second-hand Maruti Swift this weekend; the mileage is good and I wash it regularly.
m03737	Also, investment in such expensive projects could divert resources to sustainable transportation solutions that could improve people's daily commute.
m03738	After that I called my book club members for a virtual meet-up, and we discussed her chapters' themes over tea, which was quite inspiring.
m03739	My dog Leo, a Golden Retriever, steals socks and hides them under the sofa, and every evening I find a new pile.
m03740	Mom will be happy from these moments too, and the bonding between all of us will get even stronger.
m03741	I'm now running between hospital duties and revision notes; the NEET PG is in a few months, every hour counts.
m03742	My little sister Ishita gave me a handmade birthday card this morning, and I got emotional right at the breakfast table.
m03743	My wife Divya and I are having a quiet dinner at home for our anniversary, this time she asked me to do the cooking.
m03744	Mom brought back a big container from Nagpur, full of old memories of those days.
m03745	I've been studying for hours after work every night; the SSC CGL notification is coming soon and I need to be completely ready.
m03746	Governments and NGOs are also starting programs to protect this heritage, so there's a broader socio-economic impact.
m03747	Every Saturday morning I swim in the club pool, and today I finally did forty laps without stopping; my arms are like jelly now.
m03748	Every Sunday morning I go to the colony court with friends for a volleyball game, and we only stop when the sun gets too hot.
m03749	I admit that putting everything into a spreadsheet might seem a bit obsessive, especially when we're already tracking daily expenses.
m03750	If we break down prompts properly, generate study material from notes, and organize schedules, the learning level gets a significant boost.
m03751	No matter what cuisines I try, crispy masala dosa with coconut chutney is still my all-time favorite.
m03752	Mithu learned to say "good morning" today; now whenever I open the curtains, my parrot repeats it.
m03753	I'm curious what heritage walk you were remembering when you saw The Brutalist's architecture details—Rome's cobblestones or Istanbul's winding alleys?
m03754	I ran into my old professor yesterday; they still remember the late-night debates in the hostel mess from JNU days.
m03755	Can we quantify the escalation risk from NK's hardened stance?
m03756	For me, no one is like Ed Sheeran; his songs have been on repeat all week while I do chores around the house.
m03757	Compare the after-sales service and warranty period for the espresso machine; that'll save costs in the long run.
m03758	Finally, after updating to Chrome's latest version, most issues were resolved, so I still think using Edge is safer.
m03759	I saw my old Delhi University classmates after five years, and I miss having tea at the canteen.
m03760	I completed the entire IBPS PO practice paper within time today; finally my reasoning speed is improving.
m03761	Let's set up a real-time market data dashboard where we can quantify price change impacts.
m03762	Wow, I was surprised—they gave me a discount on second screening tickets, so it was pocket-friendly.
m03763	Every day for ten minutes I practice Tamil on an app, my new colleagues at lunch speak the same language, and I feel left out.
m03764	I work out now at 7 p.m. after the office; mornings weren't syncing with my sleep schedule.
m03765	Last night I video called old BITS Pilani hostel-mates and we spent an hour remembering midnight Maggi runs.
m03766	Your friend's intern perspective, I think deeper analysis is needed on waste disposal and geopolitical tensions.
m03767	And set up a weekly video call schedule with family so we can understand each other's situations in real time and have emotional support too.
m03768	This morning my cat Simba knocked my coffee mug off the table again, and she looked like it was my fault.
m03769	I've been taking flute classes for three months, and now I can play full raags without squeaking; the neighbors are relieved too.
m03770	I have a backup plan ready; if anything unexpected happens I can take immediate action.
m03771	I booked a long weekend rail ticket to Goa; I'm really looking forward to walking by the seaside with old friends and eating fresh seafood.
m03772	If we don't control "unhealthy food marketing" now and don't give proper health education in schools, by 2040 serious complications like hypertension and liver disease will be sky-high.
m03773	Aditya gave me a dinner surprise for our first anniversary, and he even remembered the restaurant where we first met.
m03774	I met my old professor yesterday; he still remembers the late-night discussions in the hostel mess during JNU days.
m03775	Every Sunday morning I play tennis-ball cricket with friends in the colony ground; today I took three wickets!
m03776	My heart goes out like my mother's; seeing Judy's son loss, my heart is so heavy, especially hearing about her isolation and loneliness.
m03777	Now when I look at the labels at the bakery, if there's sesame seeds on the bun, my hands get swollen.
m03778	The Iranian drone threat making security levels this high is really mind-blowing.
m03779	Last year I was in a tanker-escort operation in the Persian Gulf, where we monitored the US Navy's autonomous sonar-grid system.
m03780	Along with that, I send reliable sources on moderate alcohol limits and recommend smoking cessation apps.
m03781	I opened a separate fund for my daughter's college education, putting in 10k every month.
m03782	Anika painted our whole family in school today, and her artwork now covers the entire fridge door.
m03783	I've booked rail tickets to Goa for a long weekend; I'm really looking forward to relaxing by the beach and eating fresh seafood with old friends.
m03784	My alarm rings at 5 a.m. every morning, and I'm at the gym before anyone else; it's one quiet time during the day.
m03785	Neurable's emphasis on data privacy isn't just marketing fluff—they've put real safeguards through server-side encryption and user-controlled consent flows.
m03786	I'm getting a bit worried that giving such big creative responsibility to fans could increase their expectations and disappointment risk.
m03787	I think media doesn't just rely on secret sources; they also amplify public reaction and social media trends.
m03788	I remember when I worked in a Kashmir flood relief camp in 2022; people were overcoming their suffering with such courage that it touched my heart.
m03789	Last month when I was commuting on the subway and enabled ANC on my Galaxy Buds4 Pro, even the nearby trains' thunder became just soft background noise—it really worked.
m03790	And which ministries should lead in setting up a national asteroid response team—what's your view on what would be most practical?
m03791	A.R. Rahman's new album was released at midnight, I've been listening to every track, and he never disappoints.
m03792	The neighbor's kid keeps playing that hymn and I'm still searching for the right note on my harmonium.
m03793	Even though you said safety admiration might not directly guarantee collaboration, mutual respect and professionalism in today's industry often become the first stepping stone for future projects.
m03794	When I saw the title "It's perfectly normal," I got really curious and did a quick read.
m03795	There's uncertainty in current political talks, but we can make a positive impact by volunteering in local peace initiatives.
m03796	What extra habit-tracking features does this app have, like color-coding or sound alerts?
m03797	In this work, regular training sessions and real-time coordination provide confidence—not just equipment.
m03798	Neha dragged me to a furniture shop on Saturday; my wife spent two hours just choosing curtains.
m03799	My mother edited my birthday video and uploaded it to Google Drive; I need to set up access control so relatives can't easily download it.
m03800	Mithu learned to say good morning today, and now my parrot repeats it whenever I open the curtains.
m03801	Have you tried a similar experiment before or are you still in the planning phase?
m03802	I got an appraisal letter from Razorpay today; after two years of hard work in the payments team, I finally got a good raise.
m03803	Our city already has strong police presence and surveillance, so normal vigilance should be sufficient.
m03804	I'll go to the memorial service and support his family by bringing flowers and sharing in their grief.
m03805	From this experience seeing the future of AI-driven UI, I believe my daily tasks will become even smoother and time-saving.
m03806	I had to send back the noodles—they had peanuts and I'm allergic to them; even a little makes my throat itch.
m03807	Arjun called from hostel last night saying he got first place in the semester exams; I'm really proud of my little brother.
m03808	The office is very close to home, so I walk there every morning—I save money and my mind stays fresh.
m03809	This morning my cat Simba knocked my coffee mug off the table again, and she looked like it was my fault.
m03810	I got an email from the IISC alumni office today; suddenly I remembered the long nights in the lab and the gulmohar trees in the courtyard.
m03811	I see your point, but Jeong's motives still involve financial stress and mental health issues playing a major role—if she had less work, she would have said so.
m03812	My alarm goes off at 6:30 a.m. and five minutes later I'm on my yoga mat; it's my one quiet hour of the day.
m03813	I usually snack on avocados; the U.S. show mentioned them.
m03814	Even though ticket prices went up, I enjoyed it fully with popcorn and 3D glasses, so overall the experience was worth it.
m03815	Today I picked up my new Hyundai Creta, when the dealer delivered it, even Mom and Dad came along for the first ride.
m03816	The guru told me my tabla's teen taal finally got steady; three months of practice paid off.
m03817	It would be interesting to see if initiatives like Leading Edge will bring real change.
m03818	The doctor reminded me again—never take penicillin; last time my whole hands broke out in terrible rashes.
m03819	With the subscription I enabled AI-driven motion alerts, and when my cat sneaked a snack from the kitchen, I got an instant notification and could act right away.
m03820	Mira's new venture came with such massive funding—how was that even possible, I'm really curious.
m03821	I got my first appraisal letter at Deloitte; the audit season was really tough, but my manager was very happy with my work.
m03822	We're having a reunion from my IIT Bombay days—after all these years, it's both exciting and nerve-wracking to meet everyone.
m03823	I booked the badminton court again for Saturday morning; my smash is finally improving.
m03824	Old Qi chargers often don't work, but they just slow down the power transfer rate; they don't completely stop battery charging or safety.
m03825	Taylor Swift concert tickets sold out in minutes, but somehow I got one; I still can't believe it.
m03826	I visited Bhopal for a short trip last month where I grew up; I took a walk around the lakes, and the old lanes haven't changed a bit.
m03827	From this experience, I trusted the logistics firm's real-time duty calculator and developed a habit of placing orders before the deadline.
m03828	After long weeks, only sushi can cure my mood; if my wallet allowed, I'd eat it every day.
m03829	If we watch hockey with the kids on Sunday, we'll have to schedule it around their time slots.
m03830	Hearing about France expanding its arsenal and Germany trying to hop under that umbrella, I'm so curious what the next country will do on this nuclear chessboard.
m03831	Priya and I finally decorated our new home; my wife's taste in curtains is way better than mine.
m03832	As you said, immediate budgeting has less direct impact, but if political sentiment changes fiscal policy—like tax reforms or subsidy cuts—it could indirectly affect our retirement savings and mortgage interest rates.
m03833	Wow, that really surprised me—how do you predict who will drown in sudden waves?
m03834	I have no one like Ed Sheeran; his songs have been on repeat all week while I do house chores.
m03835	Everyone thought it was nothing, but when the lights dimmed at night, its shadows and geometry stunned everyone.
m03836	Every Diwali I go to Patna where I grew up, and Mom reminds me which friends are still there and keeps sending their updates.
m03837	My alarm goes off at 5 a.m. every morning and I'm the first one to reach the gym; it's the one quiet time I get during the day.
m03838	Wow, the judge dismissed the exemption so directly—I was really shocked!
m03839	Once this process is thorough and complete, collaboration with NGOs becomes easier, so we need a bit of patience.
m03840	Finally bought a TVS Jupiter scooter last week; now grocery shopping and small errands are so much easier.
m03841	These steps combined will really improve our digital health, so let's start from today.
m03842	Being a dentist means standing for hours; after back-to-back root canals today my back is hurting.
m03843	I had to politely decline the cake at the party because it had eggs, and last time I ate it my face swelled.
m03844	Whenever we order from the Mughlai restaurant near home, I never skip butter chicken and hot garlic naan.
m03845	I passed my German A1 exam! But der, die, das still confuse me.
m03846	Last week I moved to Kochi and my balcony faces the backwaters; every morning I watch boats while having tea.
m03847	We should start skill-training programs in our community to address job loss and displacement.
m03848	What evidence is there in world politics about power balance and sanctions effectiveness?
m03849	Finally got tickets for next month's Diljit Dosanjh concert; I've been replaying his songs over and over since morning.
m03850	If I take this stance, it becomes stronger, and in future political debates I'll participate with confidence.
m03851	My first week at Zerodha is done, my team is really lovely, and I've already found the best tea spot near the office.
m03852	I put aside another part of my salary this month; every rupee is going toward an MBA abroad next year.
m03853	Therefore, we need extra on-ground counselling and demo sessions.
m03854	Do you think any actor after them will have this depth, or will their legacy just shine in their name?
m03855	I think with all these steps we're future-proofing ourselves, but I also want to know if you're having any issues with installer selection or financing paperwork?
m03856	I set my alarm for 5:30 every morning; by the time sunrise comes, I'm done with my run and stretching.
m03857	We'll draft all subpoena responses within next week and share them with counsel for review before the deadline.
m03858	While lawsuits create legal pressure, they could be the only concrete deterrent that forces them to shut down the subscription model.
m03859	Thanks for your encouragement on this journey, love always.
m03860	It was moved to security; it's hard to understand why that's wrong.
m03861	My first week at Infosys is done; the initial training sessions were long but my team looks good.
m03862	I twisted my ankle getting off the bus; the doctor said two weeks of rest.
m03863	I've booked the IELTS date for next month and take a full mock test every Saturday; the speaking part still makes me nervous.
m03864	Have you tried any natural fire barriers besides wool or silica-treated rayon, like hemp or bamboo?
m03865	From this the kids also understood that you need proof, not just looking.
m03866	My little brother Kabir is coming home this weekend, and he already sent Mom a list of all the things he wants to eat.
m03867	These days I book Rapido bike taxis to the office; I can skip traffic and save about fifteen minutes.
m03868	Budget-wise, I set a monthly spending limit of ₹15,000 and track each place's daily rate in a spreadsheet.
m03869	When any politician or player suddenly makes a big decision, both media coverage and public discussion get exponential boost, which doesn't happen with long-term consistency.
m03870	Tell me, is all this true or just hype?
m03871	Therefore, instead of jumping to conclusions, let's focus on open dialogue and fact-based discussions.
m03872	Their child was saved from dropping out of school because the fund covered both tuition fees and therapy.
m03873	My cousin in the dorm couldn't get vaccines properly, but by using half-dose schedules we prevented the infection from spreading to classmates.
m03874	It's normal to feel tension, but journal your doubts daily, and every week write a 200-word short essay on a specific policy topic.
m03875	After late-night dinner I practice sitar for two hours; my guru says my meends are getting smoother.
m03876	If the articles have respectful tone and factual info, privacy isn't compromised and fans are also happy.
m03877	I think missing routine checks is a problem, but not all schools have proper metal detectors, so hidden guns could still slip through.
m03878	Sunday morning kabaddi games in the neighborhood are so fun that I always come home covered in mud but laughing.
m03879	Instead of daily stand-ups, do one weekly sync primarily, so we can better track progress and blockers.
m03880	Who knows what hidden reason the PSC had that hasn't been revealed yet?
m03881	My daughter Myra painted our family picture and proudly hung it on the fridge; she even drew a rainbow above.
m03882	I passed my A1 German test! But der, die, das articles still confuse me.
m03883	I started a beginner French course on the phone; now I can count to twenty and order croissants, but my pronunciation is terrible.
m03884	I joined a weekend test series and did my first full mock yesterday; GATE is just four months away—I need to speed up.
m03885	These days I go to the gym at 9 p.m., it's pretty empty then and I finally get my favorite treadmill.
m03886	So financial help and mental health support together make a sustainable solution.
m03887	From this I understood how important real-time validation of data provenance is at the family level, otherwise a surprise turn can become a disaster.
m03888	You can lead these conversations and create an inclusive and supportive environment for the industry.
m03889	After seeing this whole 2G inquiry drama, I'm seriously annoyed—it seems accountability is still missing in politics.
m03890	Rocky snores like a small tractor, my pug takes over the whole bed, so I ended up sleeping on the sofa.
m03891	After a long day, nothing beats a plate of hot idli-vada from the corner shop; no dish can compete with that.
m03892	I started Arabic classes in the evening; the script looks so beautiful like art, and I'm trying to read it from right to left.
m03893	I'm curious—when you print backup codes and keep them, have you thought about a waterproof pouch or safe box?
m03894	For funding, I'm applying for a research grant from the Karnataka Biodiversity Board and reserving free slots from the school auditorium, so the venue issue gets solved.
m03895	Always be open and talk about your desires and boundaries; this way you can avoid misunderstandings from external pressures.
m03896	Use this as an opportunity to have a respectful conversation with classmates and share diverse perspectives; this builds everyone's awareness.
m03897	I've been doing keto for a few days now; no rice or bread, I've lost three kilos, and now I eat tons of nuts and cheese.
m03898	Caju knocked my coffee off the table again this morning, but when he purrs so affectionately, how can I stay mad?
m03899	Everyone agrees that pulling out of the US market is smart, but I think changing the whole ecosystem to "Build Canada" just because of tariffs isn't realistic.
m03900	Moser uses local materials, and I think that's cost-effective—especially the golden spiral design uses space really well.
m03901	My first week at Zerodha is done; my colleagues are really nice and I found the best tea spot near the office.
m03902	My beagle Coco chewed my slippers again this morning, but I forgive her when I see those cute eyes.
m03903	Now I'm wondering if airline staff really follow cheetah safety protocols.
m03904	Their experiences teach us that we should also quickly resolve small misunderstandings in our family, or they can go really far.
m03905	I'm going back to Hubli for Diwali where I grew up; I'm waiting for Mom's cooking and the old market's lights.
m03906	I'm confident our combined efforts will keep our financial future bright.
m03907	This experience taught me that rapid assessment and community involvement should go together.
m03908	Use the new feature and keep an instant block option handy if you get any weird vibes; safety first!
m03909	I got the confirmation email today; I'm joining Amazon in two weeks and I've watched every onboarding video twice.
m03910	How scary was that for you, especially when GPS dropped—what was the pilots' reaction?
m03911	Meera finally passed her driving test on the third attempt, and now she keeps joking that she'll drop me everywhere.
m03912	I've read that 10-minute meditation increases compassion and turning daily gratitude into a small verbal thank-you helps us realign our mindset.
m03913	When Arshad was arrested, you said it was the right step, but I think we need to address the cult's ideologies or they'll spread underground.
m03914	This morning my cat Simba knocked my coffee mug off the table again, and she looked like it was my fault.
m03915	Let's have a weekly "media roundup" in the family where everyone shares their favorite article; discussions will stay constructive and everyone gets a balanced view.
m03916	Dennis and Michaela did a rapid rescue—that's definitely praiseworthy, but the arrest process needed more verification.
m03917	Finally brought home a brand new Kia Seltos on Sunday; before driving it for the first time, Mom and Dad did a coconut and lemon blessing.
m03918	I'll finalize this plan next week and upload it to a shared repo so everyone has transparent access.
m03919	Relying only on your portable power bank could be risky at times because it might drain quickly during a prolonged blackout.
m03920	The CBI already has a strong forensic and legal framework, so they might need less extra resources.
m03921	Saturday evening I'm going to get the kids treats; even though they're naughty, I really enjoy it.
m03922	Bob Nardelli went hybrid to Washington, and when I heard the Chrysler factory closed, I got worried about my uncle's job.
m03923	Have you planned how to contact any family member or neighbor and guide them safely to a safe zone?
m03924	This news had one shocking fact—they hid pipe bomb parts in the car and even demonstrated a remote-control toy bomb in the video!
m03925	Using Google Nest Hub's low price, displaying recipes in the kitchen and syncing the family calendar makes meal planning easier.
m03926	I hope the private sector also scales up their apprenticeship models, or this will all just end in talk.
m03927	Fire TV Stick has such high latency that gaming feels laggy, especially when using a Bluetooth controller.
m03928	I cherish the unity in my family, and it makes me confident to always move forward.
m03929	I'm saving a fixed amount from each salary for my wedding; it's next year and I want everything to be perfect.
m03930	After binge-watching K-dramas all weekend, I finally joined Korean language class; now I want to understand conversations without subtitles.
m03931	If we don't have a real actionable framework, every new threat will put us back in reactive mode, which could risk election integrity.
m03932	Saturday I played five-a-side football with colleagues; my legs are tired today but we won two matches.
m03933	My alarm goes off every morning at 5:30 and I finish my run and exercise before sunrise.
m03934	I talked to my old BITS Pilani hostel-mates on video call last night; we spent an hour remembering midnight Maggi runs.
m03935	I wore a yellow jersey to the office today because Chennai Super Kings play tonight, and I won't miss any match in this IPL.
m03936	This reduces false alarms, helps identify real emergencies instantly, and lowers people's panic level.
m03937	As you said, even though the budget is tight, some smart devices like Google Nest Hub can monitor energy usage, so we might see an electricity bill reduction later.
m03938	After a week, I felt motivated to spend more time on real conversation practice, not just points—in our weekly video calls I used new words in mini-role-plays.
m03939	These days I book a Rapido bike taxi to go to the office; it gets me through traffic and saves at least twenty minutes.
m03940	From this, Mom got lots of organic reach, and we leveraged our family's trust network as influencers.
m03941	If you want, set up Google Alerts for 'campaign contributions' keyword to get daily updates so you know about big donations right away.
m03942	I'm vibing with this style, and if it clicks, I can upgrade my local chai gossip to a bigger platform—I can even imagine another migration in the future.
m03943	Hey, what's surprising about Hugh drinking beer at the bar!
m03944	Varun sent me his new haircut photo; my brother asks for compliments all day long.
m03945	Finally brought home a brand new Kia Seltos on Sunday; before driving for the first time, Mom and Dad did a coconut and lemon blessing.
m03946	These policies are directly bringing positive impact to our family's life.
m03947	America's debt keeps growing, and seeing China's involvement, I think global market volatility could affect our family business's cash flow.
m03948	I understand your data-driven billing idea, but our neighborhood has low digital literacy right now, so real-time app tracking could create confusion.
m03949	Last month I moved to Chandigarh; seeing the wide avenues lined with big trees makes even buying rations feel like a holiday.
m03950	When I met the founder who's coming on stage, she said her success credit goes not just to her hard work, but also to her team's 24/7 support.
m04097	While reading *Fairness and Machine Learning*, when I did a bias detection experiment with my classmate, we found hidden gender bias in the dataset and proudly proposed a solution—it was really impactful.
m04098	The doctor also said my veins' pressure is going down, especially when I do deep breathing.
m04099	I started cycling to work every morning, just four kilometers and no parking hassle.
m04100	I opened a separate fund for my daughter's higher education, putting in ten thousand every month.
m04101	Now I read licensing terms on every platform in detail and add clear revenue-share clauses for my content.
m04102	That's a really important question—how can we mitigate the deep-fake risk of the videos and photos we collect?
m04103	Because I grew up in Lucknow, I call everyone "aap," even when angry, and this habit hasn't gone away.
m04104	I completed the entire IBPS PO practice paper within time today; finally my reasoning speed is improving.
m04105	Wow, I was surprised by your comment too, especially Clooney's "restraining order" joke!
m04106	This morning on my office commute I tried my old AirPods Pro, but the background noise was so loud the music wasn't enjoyable.
m04107	I got the confirmation email—I'm joining Amazon in two weeks and I've watched every onboarding video twice.
m04108	Last week I moved to Bhubaneswar, I'm still unpacking boxes in the new flat, and the humidity here is really high.
m04109	I look at it from a slightly different angle, because there were seam-friendly cues in the pitch reports too, so bowling first was a logical decision.
m04110	I moved to Bhubaneswar last week, I'm still unpacking in the new flat, and the humidity here is amazing.
m04111	I can put Likert-scale questions and open-ended prompts in a simple online form, so participants can quickly capture their feelings.
m04112	I fell asleep in an awkward position on the flight and woke up with such a stiff neck I could barely turn left and right.
m04113	Better to focus on your internet connection's reliability and keep all files offline first, then glitches will be less.
m04114	Maybe reusable ceramic or biodegradable paper alternatives could be safer and more user-friendly.
m04115	My friend's house was nice but I kept sneezing all evening—I guess cat fur just doesn't work with me.
m04116	I think just police investigation won't clear everything up, because media pressure is really high in this case and protecting witnesses might be difficult.
m04117	There's a Diyala anniversary dance on Friday; I still need to sew her clothes.
m04118	Being a dentist means standing for hours; after back-to-back root canals today my back is hurting.
m04119	I'm worried Zencity's sentiment-analysis might have hidden bias, especially in distorting marginalized communities' perception.
m04120	Kavya showed me her favorite love story film again last night; my wife knows every single line by heart.
m04121	I bought RCB jerseys for the whole family, and we're going to the Chinnaswamy Stadium on Sunday for a home match.
m04122	Every Saturday evening I play table tennis with friends at the club, the loser brings snacks.
m04123	This makes us stronger together and keeps us consistent in our health journey.
m04124	My uncle built a small school in his village two years ago, but it was removed without notice when the land was declared "unauthorised."
m04125	Did you know the original composer of *Hawa Hawa* Hassan Jahangir got $50,000 directly for using it in *Dhurandhar*, which is very rare for Bollywood royalty payments?
m04126	The new hotel near the office actually serves proper Jain food—no onion, no garlic, no root vegetables—so I eat there all week.
m04127	I picked up my new Mahindra Thar SUV from the showroom yesterday, and I went straight for a quick spin with Mom.
m04128	Mornings are so much easier now; the office cab picks me up right outside the building and I nap on the way.
m04129	So your concern about scalability is valid, but Groq's energy-efficiency and latency reduction will lower operational costs, which could reshape the long-term market.
m04130	If growth isn't sustainable like this in the future, the whole industry is at risk.
m04131	After seeing this process, I decided to join a K-TET preparation class too, which gave me clarity on career growth.
m04132	ChatGPT's hallucination issue is concerning—it fabricates addresses and phone numbers, which is risky.
m04133	I paid for some groceries through crypto last week, but after hearing Binance news I got scared the card would freeze, so I ended up using a credit card.
m04134	I take the city bus from outside my street and read novels the whole way to the office; no traffic stress.
m04135	I save little by little each month, one day when I have my own café I want good coffee and cake.
m04136	I set reminders on time so we never miss our mini-pause together.
m04137	So I think Alcaraz is still a bit ahead in overall resilience.
m04138	Government spending logic often shows such "gaps," like the difference between Medicare's actual expenses and estimates.
m04139	Along with that, I can make a shared Google Doc where both of us note our doubts and counter-arguments, so later discussion is easy.
m04140	Every Sunday I go to that old stall near home and eat chickpea bhature; nothing beats it for breakfast.
m04141	This experience taught me personally how real the fragility is behind export-driven growth, especially when structural issues like youth unemployment and property slowdown come together.
m04142	While getting ready, I got my finger stuck in the cupboard door; now there's so much swelling I can barely type.
m04143	I watched the Ganga Aarti live stream last night and got emotional; I really miss Varanasi's evening ghats.
m04144	I spent the whole evening checking forty class 6 notebooks; teaching at school is no 9-to-5 job.
m04145	And if we focus on a specific age-group, what resources would you find most useful so we can give children a balanced perspective?
m04146	The restaurant near the office really serves proper Jain food—no onion, no garlic, no root vegetables—so I eat there all week.
m04147	I'll share this in a video call with you, so we both stay informed.
m04148	I finally joined violin classes on Saturdays; my fingers hurt but I'm having so much fun.
m04149	The restaurant near the office really serves proper Jain food—no onion, no garlic, no root vegetables—so I eat there all week.
m04150	I got an email from my IISc student office; suddenly I remembered the long nights in the lab and the gulmohar trees in the courtyard.
m04151	Is using leopard-print and bohemian elements crossing the line into cultural appropriation?
m04152	I unpacked wrong while lifting a heavy box, now my lower back hurts and even sitting straight is difficult.
m04153	Running to catch the train yesterday, I pulled a hamstring; now I'm limping and the doctor said three weeks of rest.
m04154	I attended a clinical trial in 2021 where we assessed psilocybin therapy for PTSD patients, and I was a participant too.
m04155	While getting ready this morning my finger got stuck in the cupboard door; now there's such swelling, typing is hard.
m04156	My son Vihaan's first tooth fell out today at school and he came home so proud; now he wants the tooth fairy to leave a big gift.
m04157	I finish work and head straight to the gym at 6 p.m.; the evening crowd is friendly and the music is loud.
m04158	Three years after becoming vegetarian, colleagues still ask where I get protein from, so I bring roasted chickpeas for lunch.
m04159	That same week I saw US strike news on TV and told my friend "global politics is a real-life thriller," and he was shocked.
m04160	Instead of velvet, I suggest a sleek satin blazer; it gives a light feel and with a subtle metallic brooch creates a classy yet future-forward look.
m04161	I spent four hours on polity notes and then one hour on newspaper editorials; UPSC prep is truly a marathon.
m04162	How do you balance such legal stress that a full intense day still feels calm?
m04163	One time the US market slumped and my project slowed down a bit, but a China partner gave an alternative supply chain, so the project restarted.
m04164	I'm also curious why there's such policy-level tension and why changes are coming.
m04165	This is a reminder for our family—health department centres and Planned Parenthood-style clinics are open and there's no insurance hassle.
m04166	We need more data to quantify the impact of platforms' broad policies; what are your thoughts?
m04167	Today I was waking up from dust and old bedsheet mites keep bothering me every time, so I'm washing all the sheets in hot water today.
m04168	I'm eating high-protein food now—lots of eggs, paneer and lentils—I need to build some muscle before summer.
m04169	I'm seriously terrified about this CBSE Class 12 Economics exam because both sections have equal weight in the 80-mark theory, and time management could be a big challenge.
m04170	I think there might be some hidden criteria in such decisions that regular trainers don't know about.
m04171	If patrols are happening, there could be communication gaps in their visibility, and they'll miss hidden spots.
m04172	I stayed up late watching my Real Madrid come back in the Champions League; I shouted so much my voice went hoarse.
m04173	There's no peace like Shreya Ghoshal's songs; they play on loop all evening.
m04174	Media should also show some restraint so celebrities don't get unnecessary pressure.
m04175	Then I checked my Instagram story and found it was just a funny prank, so I edited it and told everyone the truth and we all laughed really hard.
m04176	Vikram surprised me with breakfast in bed for our anniversary, and even though he can't cook, he tried so hard that I got emotional.
m04177	Putting numeric scores in spreadsheets is smart, but if you also add a qualitative note column, decisions become even more balanced.
m04178	Today I'm really missing the mountains; how misty and peaceful the mornings were in my home in Dehradun.
m04179	I stayed up late watching Arsenal and my heart nearly stopped at the last minute, but the win was worth it.
m04180	After a long day, when I get a plate of hot idli-vada from the corner café, everything is fine; nothing else matches this.
m04181	I met some old Manipal classmates at a wedding yesterday, and we spent hours laughing about hostel pranks.
m04182	Today it took the whole day to tweak one logo; the client kept changing colors, that's graphic designer life.
m04183	I got my new Tata Nexon delivered yesterday; I just drove two rounds around the block for that new car smell.
m04184	Advvik rode a cycle without training wheels for the first time today; my son was smiling all evening.
m04185	Chiku chewed my laptop charger again; my rabbit has no idea how much trouble that causes me.
m04186	If we want interdisciplinary impact, we first need to show how GLAST's data can give reproducible improvement in quantum-sensor calibration or high-energy particle modeling.
m04187	That's why I think we should keep some moments pure and just feel them—then later if you want, you can capture that same moment digitally.
m04188	I joined a 24-hour hackathon during college; all my team members didn't sleep and used so much coffee and energy drinks, stress levels were sky-high.
m04189	Wow, they charged an extra three years—that's really shocking!
m04190	Seeing your steady saving habit, I'm confident this will be a solid foundation for your future.
m04191	Spring is the worst season for me; as soon as pollen increases I start sneezing constantly and my eyes water.
m04192	So maybe our strategy needs to integrate policy advocacy and international pressure too.
m04193	Your point is right, but not just intention—the court should also look at the object's potential harm.
m04194	When scientists do experimental controls, only then do reliable conclusions come, not from sensational headlines.
m04195	Caju knocked my coffee off the table this morning, but when he purrs so affectionately, how can I stay mad?
m04196	I met old Christ University classmates at a wedding yesterday; we spent an hour remembering canteen samosas and laughing.
m04197	I posted that moment on TikTok as "Oscars K-Pop surprise!" and got over 5k likes and comments like "Can't stop dancing!"
m04198	I don't think we need to wait for the district officer's approval; let's start the pilot phase and if we get results, formal approval will come.
m04199	I went to a conference in Bangkok in 2023; sudden barricades at the airport delayed my flight, and my laptop was held in security check.
m04200	Wow, this ovulation app idea is completely mind-blowing!
m04201	I go to Patna every Diwali where I grew up, and Mom packs sweets for the return journey.
m04202	So far I use AI just for quick troubleshooting, but for critical health decisions I always stick to human verification.
m04203	Today I played a full piano song without a single mistake; my teacher clapped and I felt like a pro.
m04204	I was made team lead at Zomato; the manager said Friday's launch demo was the biggest reason.
m04205	From now on I put my own router in a high spot, and developed a habit of regular cable inspection and nearby vegetation clean-up schedules.
m04206	I just finished a double shift at the hospital; my feet hurt but I really love being a nurse.
m04207	I go for a short run at 7 a.m. before breakfast; it keeps me energetic the whole day.
m04208	Make a fact-checking pool with classmates or club members where everyone verifies one article and helps with content batching, making it easier to curb misinformation.
m04209	Still, we shouldn't ignore community-level work; without active participation in the political arena, change won't happen.
m04210	I bought RCB jerseys for the whole family, and we're going to the Chinnaswamy Stadium on Sunday for a home match.
m04211	If we keep transparency in our family, the impact of media 'attack pieces' will be much less.
m04212	I'm curious if our education system integrates practical spirituality, whether it would bring balance.
m04213	That's why I think we need to include some active movement in addition to standing.
m04214	Our team needs water purification units; without clean water, infections will spread.
m04215	If we have a 'theme-day' every month where the child links their favorite pop-culture element to classic theory, their critical thinking will naturally strengthen.
m04216	Siddharth and I are looking at wedding invitation cards this weekend, and my fiancé has strong opinions on every letter style.
m04217	Mithu learned to say good morning today; now my parrot repeats it whenever I open the curtains.
m04218	Such home-based "cheap entry-level" vs "heritage luxury" discussions make close relationships unnaturally competitive.
m04219	We'll keep brainstorming more creative ideas together so every generation gets a chance to celebrate their cultural identity.
m04220	I finished my first thirty days of consistent Duolingo practice; now I can order tapas in Spanish without pointing at the menu.
m04221	This morning the local train to the office missed me by one minute; I had to get on the next one, the ladies' compartment was packed.
m04222	I'm creating a shared Google Doc right now and sending edit access to every member.
m04223	But if the original storyline's core values aren't preserved in a reboot, there's a risk of losing long-term fan loyalty.
m04224	We should appreciate their contribution from a broader perspective, not just from the emotional boost of a nickname.
m04225	Now I wake up with pillow stretches every morning, and the extra $39 discount from email sign-up made the budget friendlier.
m04226	What's your view—should they push this therapy into bigger trials or do we need more data first?
m04227	My younger brother Kabir is coming home this weekend; he already sent Mom his full food wish list.
m04228	I started taking Japanese classes in the evening last month; now I can introduce myself and order ramen, but kanji is driving me crazy.
m04229	They reduced weight by 55 pounds on each plane, which reduces long-term fuel burn, so fare reduction is possible.
m04230	With this layered security, we'll always have a safety net.
m04231	I met old Manipal classmates at a wedding yesterday and spent hours laughing about hostel pranks.
m04232	Also, I'll prepare a compact emergency supplies kit with a portable charger, first-aid, and water bottles.
m04233	I got my first appraisal letter at Deloitte; audit season was really tough but my manager is very happy with my work.
m04234	I was actually also curious if the Kozhikode venue might have had higher competition levels!
m04235	After a month, my phone's storage health check also said "All good!"
m04236	Karthik cooked dinner tonight because I got home late; my husband is really taking good care of me these days.
m04237	I lifted a heavy suitcase wrong and now my shoulder hurts badly; the doctor said a week of rest and ice.
m04238	I think Guardian isn't just working with algorithmic tracking; their senior editors' manual fact-check is even more crucial.
m04239	JetBlue has flight safety and disruption issues, so a $23,000 fine seems reasonable.
m04240	So it's better to look at both not through separate lenses, but from an integrated perspective, because wealth-driven dynamics also become indirect leverage in climate-refugee solutions.
m04241	This gave me confidence in my dreams and made our bonding stronger too.
m04242	Then in 2023 because of global chip shortage, the technology-focused theme showed some volatility, which dipped my overall return a bit.
m04243	Every month I save part of my salary in a separate account; in a couple of years I want to take a two-week trip to Europe.
m04244	When Mom's birthday party budget went over, I told everyone directly that we accidentally spent more money.
m04245	Kiyara drew a picture of the whole family on the living room wall with crayons today; my little daughter is feeling very proud.
m04246	I thought, if we set that speaker with a female voice and neutral accents, and give kids customization work, they can learn to spot bias and fix it.
m04247	I'm taking this seriously, and down the line we'll both work together to make the industry better.
m04248	PSG's Khvicha's two late goals were flashy, but we can't ignore Chelsea's defensive lapses, right?
m04249	Wow, a 90-minute continuous work followed by a 10-minute walk strategy—I'm really curious about that!
m04250	Did you set "auto-record" in the cadence settings, because if not, there could be more gaps in the future?
m04251	Make a simple infographic or 30-second reels and share on Instagram and WhatsApp groups so every child gets excited just hearing "dwarf planet."
m04252	Seeing this 100th anniversary, my heart is full of rage and sadness; Springfield's past is really not a happy song.
m04253	Even with compatible cookware and a precise timer and keeping the door closed, I was able to reduce the bill by 30%.
m04254	I ordered extra butter pav bhaji from the stall near the building again; nothing comes close to it for me.
m04255	Meera finally passed her driving test on the third attempt; now my little sister is ready to drop me everywhere.
m04256	On a rainy Sunday, nothing beats a plate of rajma chawal with ghee; no dish compares to Mom's hand-made magic.
m04257	I got Diljit Dosanjh concert tickets after several months; I've been listening to just his songs since morning.
m04258	Instead, we can assign each volunteer personal encrypted channels so only necessary information is shared and anonymity stays intact.
m04259	To be a civil engineer, you wear a helmet and check rebar at the site all day; my shoes are always messy.
m04260	I finally bought a second-hand Maruti Swift this weekend; the mileage is good and I wash it regularly.
m04261	My VIT Vellore friend is planning to meet; I still remember those hostel corridor gossip nights.
m04262	We're also making a "rapid rollback" script that detects any suspicious commit and reverts to the previous stable tag right away, so the damage window is small.
m04263	I finished a double shift at the hospital today; my feet hurt, but I really love being a nurse.
m04264	I picked up my new Mahindra Thar SUV from the showroom yesterday and took Mom for a quick spin.
m04265	With Shehab group piracy threats, I'm thinking about shipping safety in the Indian Ocean.
m04266	If compensation, work-life balance, and growth path are all aligned, then Gen Z long-term retention can improve.
m04267	The office is very close to home, so I walk there every morning—I save money and my mind stays fresh.
m04268	I met my old hostel roommate today and talked for an hour remembering NIT Trichy days and midnight Maggi runs.
m04269	Finally I understood the Cyrillic alphabet; now I can slowly read Russian words and my daily app streak is growing.
m04270	This week I started with a new teacher learning veena scales; late evening when I hear that string sound, it's so soothing.
m04271	If I pre-record jokes, I lose spontaneity; since everyone's present, improvising makes the fun boost better.
m04272	Three years ago I went vegetarian and colleagues still ask where I get protein from, so I bring roasted chickpeas for lunch.
m04273	Last week I moved to Bhubaneswar, I'm still unpacking boxes in the new flat, the humidity is high.
m04274	Two weeks after visiting Jaipur, it was nice but I'm still figuring out which routes to avoid during rush hour.
m04275	I got promoted to team lead at Zomato; the manager said Friday's launch demo was the main reason.
m04276	Wow, they raised $65 million—I'm really impressed!
m04277	My friend's flat was nice but I sneezed all evening; cat fur just doesn't work with me.
m04278	Algorithms and bots play a role, but content creators' self-regulation and platform policies are just as important.
m04279	I put aside another part of my salary this month; every rupee is going toward an MBA abroad next year.
m04280	Our close friends and family should notice early if someone behaves strangely and create a safe environment, otherwise they'll get isolated.
m04281	Weather humidity and icing impact matter too, so forensic engineers need to do a deep dive.
m04282	Mornings are so much easier now; the office cab picks me up right outside the building and I nap on the way.
m04283	I brought my new Royal Enfield Classic 350 home; the engine sound is amazing and the ride is so smooth.
m04284	Saanvi lost her first tooth today; my daughter was smiling in front of the mirror like she won a medal.
m04285	We learn from this incident and prepare a rapid response for future product recalls.
m04286	I painted my nails blue and wore a child's dress while watching the Mumbai Indians chase; I didn't even take a call.
m04287	If you ever face such uncertainty, I'm thinking of increasing savings for financial backup.
m04288	My Swiggy office has a rooftop cafeteria and free filter coffee, so evenings I can hang out even after work.
m04289	I practiced sitar for two hours after dinner, and my guru says my meend is finally becoming smoother.
m04290	Every winter I really miss Shimla—the first snowfall and drinking hot chocolate with cousins on the balcony.
m04291	The verification process is starting; I'm wondering who will monitor it and what the clear roadmap is.
m04292	Advvik rode his cycle without training wheels for the first time today; my son was smiling all evening.
m04293	I'll share low-acid recipes with you; just tell me which cuisines you like.
m03951	Every time someone sends me a digital receipt, I forward it to the family group chat so everyone has an expense record and there's no confusion.
m03952	My friend looks great, but I'm seeing him every evening, and my mother-in-law can't stand him.
m03953	But I think it's not just hype; there's definitely media bias in many cases and they sensationalize things, which skews public perception.
m03954	Taylor Swift concert tickets sold out in minutes, but somehow I got one; I still can't believe it.
m03955	Wow, thinking about diplomatic immunity's power—who thinks it guarantees a safe environment for employees?
m03956	Saturday morning I booked the badminton court again, my smash is finally improving.
m03957	If you protect specific apps, you also get cleanup benefits and unnecessary files disappear.
m03958	According to recent WHO bulletin, only limited human cases have been reported so far, and there's no evidence the virus spreads easily human-to-human.
m03959	My daughter Myra painted our whole family today and proudly stuck it on the fridge; she even drew a rainbow above the house.
m03960	I think it's important to keep getting daily briefs from reliable sources—independent journalists or international NGOs—so we can avoid fake narratives.
m03961	I've booked the IELTS date for next month and take a full mock every Saturday; the speaking part still makes me nervous.
m03962	Not only did the cow's fodder quality improve, but water retention doubled too, which cut irrigation costs during dry season.
m03963	I attended an office meeting in Pennsylvania during the 2008 primaries, where I pitched to my team manager and compared ad spend; the budget spreadsheet surprised me.
m03964	I enabled Live Translation in a Zoom call; when my daughter video-called with a cousin from Kerala and they spoke Kannada-English mix, instant subtitles came up—conversation was smooth and output quality was great.
m03965	For precise land value estimates from satellite radar images, ground-level market data is needed and capturing zoning changes is tough.
m03966	The same auto driver picks me up every morning, and now he knows my office route without being told.
m03967	Logically QR codes simplify things, but so much overdigitization means senior people and tech-averse kids are completely left out.
m03968	With consistency and self-compassion, your creative journey becomes stable.
m03969	That's shocking; I'm curious if your backup plan should also include a generator!
m03970	If someone tries a sophisticated hack, won't our savings also be at risk with one click?
m03971	Looking at the official PDF to see if "bond period" or "service obligation" is mentioned anywhere is really intriguing.
m03972	I visited Bhopal last month for a short trip where I grew up; I walked around the lakes and none of the old lanes have changed.
m03973	From this experience, I trusted the logistics firm's real-time duty calculator and developed a habit of placing orders before the deadline.
m03974	After long weeks, only sushi can fix my mood; if my wallet allowed, I'd eat it every day.
m03975	If we watch hockey with the kids on Sunday, we'll have to schedule it around their time slots.
m03976	Hearing about France expanding its arsenal and Germany trying to hop under that umbrella, I'm so curious which country will move next on this nuclear chessboard.
m03977	Priya and I finally decorated our new home; my wife's taste in curtains is way better than mine.
m03978	As you said, immediate budgeting has less direct impact, but if political sentiment changes fiscal policy—like tax reforms or subsidy cuts—it could indirectly affect our retirement savings and mortgage interest rates.
m03979	Wow, I was also really surprised—how do you predict who will drown in sudden waves?
m03980	No one is like Ed Sheeran for me; his songs have been on repeat all week while I do house chores.
m03981	Everyone thought it was nothing, but when the lights dimmed at night, its shadows and geometry stunned everyone.
m03982	Every Diwali I go to Patna where I grew up, and Mom reminds me which friends are still there and keeps sending their updates.
m03983	My alarm goes off at 5 a.m. every morning and I'm the first one to reach the gym; it's the one quiet time I get during the day.
m03984	Wow, the judge dismissed the exemption so directly—I was really shocked!
m03985	Once this process is thorough and complete, later collaboration with NGOs becomes easier, so we need a bit of patience.
m03986	Finally bought a TVS Jupiter scooter last week; now grocery shopping and small errands are so much easier.
m03987	These steps combined will really improve our digital health, so let's start from today.
m03988	Being a dentist means standing for hours; after back-to-back root canals today my back is hurting.
m03989	I had to politely decline the cake at the party because it had eggs, and last time I ate it my face swelled.
m03990	Whenever we order from the Mughlai restaurant near home, I never skip butter chicken and hot garlic naan.
m03991	I passed my German A1 exam! But der, die, das articles still confuse me.
m03992	Last week my shift moved to Kochi and my balcony faces the backwaters; I watch boats every morning while having tea.
m03993	If we start skill-training programs in our community, we need to address job loss and displacement.
m03994	How much evidence is there in world politics about power balance and sanctions effectiveness?
m03995	Finally got tickets for next month's Diljit Dosanjh concert; I've been replaying his songs over and over since morning.
m03996	If I do this, my own stance becomes stronger and I'll participate confidently in future political debates.
m03997	My first week at Zerodha is done; my colleagues are really lovely and I found the best tea spot near the office.
m03998	I put aside another part of my salary this month; every rupee is going toward an MBA abroad next year.
m03999	Therefore, we need extra on-ground counselling and demo sessions.
m04000	Do you think any actor after them will have this depth, or will their legacy just shine in their name?
m04001	I think with all these steps we're future-proofing ourselves, but I also want to know if you're having any issues with installer selection or financing paperwork?
m04002	I set my alarm for 5:30 every morning; by the time sunrise comes, I'm done with my run and stretching.
m04003	We'll draft all subpoena responses within next week and share them with counsel for review before the deadline.
m04004	While lawsuits create legal pressure, they could be the only concrete deterrent that forces them to shut down the subscription model.
m04005	Thanks for your encouragement on this journey, love always.
m04006	It was moved to security; it's hard to understand why that's wrong.
m04007	My first week at Infosys is done; the initial training sessions were long but my team looks good.
m04008	I twisted my ankle getting off the bus; the doctor said two weeks of rest.
m04009	I've booked the IELTS date for next month and take a full mock every Saturday; the speaking part still makes me nervous.
m04010	Have you tried any natural fire barriers besides wool or silica-treated rayon, like hemp or bamboo?
m04011	From this the kids also understood that you need proof, not just looking.
m04012	My little brother Kabir is coming home this weekend, and he already sent Mom his full food wish list.
m04013	These days I book Rapido bike taxis to the office; I can skip traffic and save about fifteen minutes.
m04014	Budget-wise, I set a monthly spending limit of ₹15,000 and track each place's daily rate in a spreadsheet.
m04015	When any politician or player suddenly makes a big decision, both media coverage and public discussion get exponential boost, which doesn't happen with long-term consistency.
m04016	Tell me, is all this true or just hype?
m04017	Therefore, instead of jumping to conclusions, let's focus on open dialogue and fact-based discussions.
m04018	Their child was saved from dropping out of school because the fund covered both tuition fees and therapy.
m04019	My cousin in the dorm couldn't get vaccines properly, but by using half-dose schedules we prevented the infection from spreading to classmates.
m04020	It's normal to feel tension, but journal your doubts daily, and every week write a 200-word short essay on a specific policy topic.
m04021	After late-night dinner I practice sitar for two hours; my guru says my meends are getting smoother.
m04022	If articles have respectful tone and factual info, privacy isn't compromised and fans are also happy.
m04023	I think missing routine checks is a problem, but not all schools have proper metal detectors, so hidden guns could still slip through.
m04024	Sunday morning kabaddi games in the neighborhood are so fun that I always come home covered in mud but laughing.
m04025	Instead of daily stand-ups, do one weekly sync primarily, so we can better track progress and blockers.
m04026	Who knows what hidden reason the PSC had that hasn't been revealed yet?
m04027	My daughter Myra painted our family picture and proudly hung it on the fridge; she even drew a rainbow above.
m04028	I passed my A1 German test! But der, die, das articles still confuse me.
m04029	I started a beginner French course on the phone; now I can count to twenty and order croissants, but my pronunciation is terrible.
m04030	I joined a weekend test series and did my first full mock yesterday; GATE is just four months away—I need to speed up.
m04031	These days I go to the gym at 9 p.m., it's pretty empty then and I finally get my favorite treadmill.
m04032	So financial help and mental health support together make a sustainable solution.
m04033	From this I understood how important real-time validation of data provenance is at the family level, otherwise a surprise turn can become a disaster.
m04034	You can lead these conversations and create an inclusive and supportive environment for the industry.
m04035	After seeing this whole 2G inquiry drama, I'm seriously annoyed—it seems accountability is still missing in politics.
m04036	Rocky snores like a small tractor, my pug takes over the whole bed, so I ended up sleeping on the sofa.
m04037	After a long day, nothing beats a plate of hot idli-vada from the corner shop; no dish can compete with that.
m04038	I started Arabic classes in the evening; the script looks so beautiful like art, and I'm trying to read it from right to left.
m04039	I'm curious—when you print backup codes and keep them, have you thought about a waterproof pouch or safe box?
m04040	For funding, I'm applying for a research grant from the Karnataka Biodiversity Board and reserving free slots from the school auditorium, so the venue issue gets solved.
m04041	Always be open and talk about your desires and boundaries; this way you can avoid misunderstandings from external pressures.
m04042	Use this as an opportunity to have a respectful conversation with classmates and share diverse perspectives; this builds everyone's awareness.
m04043	I've been doing keto for a few days now; no rice or bread, I've lost three kilos, and now I eat tons of nuts and cheese.
m04044	Caju knocked my coffee off the table again this morning, but when he purrs so affectionately, how can I stay mad?
m04045	Everyone agrees that pulling out of the US market is smart, but I think changing the whole ecosystem to "Build Canada" just because of tariffs isn't realistic.
m04046	Moser uses local materials, and I think that's cost-effective—especially the golden spiral design uses space really well.
m04047	My first week at Zerodha is done; my colleagues are really nice and I found the best tea spot near the office.
m04048	My beagle Coco chewed my slippers again this morning, but I forgive her when I see those cute eyes.
m04049	Now I'm wondering if airline staff really follow cheetah safety protocols.
m04050	Their experiences teach us that we should also quickly resolve small misunderstandings in our family, or they can go really far.
m04051	I'm going back to Hubli for Diwali where I grew up; I'm waiting for Mom's cooking and the old market's lights.
m04052	I'm confident our combined efforts will keep our financial future bright.
m04053	This experience taught me that rapid assessment and community involvement should go together.
m04054	Use the new feature and keep an instant block option handy if you get any weird vibes; safety first!
m04055	I got the confirmation email today; I'm joining Amazon in two weeks and I've watched every onboarding video twice.
m04056	How scary was that for you, especially when GPS dropped—what was the pilots' reaction?
m04057	Meera finally passed her driving test on the third attempt, and now she keeps joking that she'll drop me everywhere.
m04058	I've read that 10-minute meditation increases compassion and turning daily gratitude into a small verbal thank-you helps us realign our mindset.
m04059	When Arshad was arrested, you said it was the right step, but I think we need to address the cult's ideologies or they'll spread underground.
m04060	This morning my cat Simba knocked my coffee mug off the table again, and she looked like it was my fault.
m04061	Let's have a weekly "media roundup" in the family where everyone shares their favorite article; discussions will stay constructive and everyone gets a balanced view.
m04062	Dennis and Michaela did a rapid rescue—that's definitely praiseworthy, but the arrest process needed more verification.
m04063	Finally brought home a brand new Kia Seltos on Sunday; before driving for the first time, Mom and Dad did a coconut and lemon blessing.
m04064	I'll finalize this plan next week and upload it to a shared repo so everyone has transparent access.
m04065	Relying only on your portable power bank could be risky at times because it might drain quickly during a prolonged blackout.
m04066	The CBI already has a strong forensic and legal framework, so they might need less extra resources.
m04067	Saturday evening I'm going to get the kids treats; even though they're naughty, I really enjoy it.
m04068	Bob Nardelli went hybrid to Washington, and when I heard the Chrysler factory closed, I got worried about my uncle's job.
m04069	Have you planned how to contact any family member or neighbor and guide them safely to a safe zone?
m04070	This news had one shocking fact—they hid pipe bomb parts in the car and even demonstrated a remote-control toy bomb in the video!
m04071	Using Google Nest Hub's low price, displaying recipes in the kitchen and syncing the family calendar makes meal planning easier.
m04072	I hope the private sector also scales up their apprenticeship models, or this will all just end in talk.
m04073	Fire TV Stick has such high latency that gaming feels laggy, especially when using a Bluetooth controller.
m04074	I cherish the unity in my family, and it makes me confident to always move forward.
m04075	I'm saving a fixed amount from each salary for my wedding; it's next year and I want everything to be perfect.
m04076	After binge-watching K-dramas all weekend, I finally joined Korean language class; now I want to understand conversations without subtitles.
m04077	If we don't have a real actionable framework, every new threat will put us back in reactive mode, which could risk election integrity.
m04078	Saturday I played five-a-side football with colleagues; my legs are tired today but we won two matches.
m04079	My alarm goes off every morning at 5:30 and I finish my run and exercise before sunrise.
m04080	I talked to my old BITS Pilani hostel-mates on video call last night; we spent an hour remembering midnight Maggi runs.
m04081	I wore a yellow jersey to the office today because Chennai Super Kings play tonight, and I won't miss any match in this IPL.
m04082	This reduces false alarms, helps identify real emergencies instantly, and lowers people's panic level.
m04083	As you said, even though the budget is tight, some smart devices like Google Nest Hub can monitor energy usage, so we might see an electricity bill reduction later.
m04084	After a week, I felt motivated to spend more time on real conversation practice, not just points—in our weekly video calls I used new words in mini-role-plays.
m04085	These days I book a Rapido bike taxi to go to the office; it gets me through traffic and saves at least twenty minutes.
m04086	From this, Mom got lots of organic reach, and we leveraged our family's trust network as influencers.
m04087	If you want, set up Google Alerts for 'campaign contributions' keyword to get daily updates so you know about big donations right away.
m04088	I'm vibing with this style, and if it clicks, I can upgrade my local chai gossip to a bigger platform—I can even imagine another migration in the future.
m04089	Hey, what's surprising about Hugh drinking beer at the bar!
m04090	Varun sent me his new haircut photo; my brother asks for compliments all day long.
m04091	Finally brought home a brand new Kia Seltos on Sunday; before driving for the first time, Mom and Dad did a coconut and lemon blessing.
m04092	These policies are directly bringing positive impact to our family's life.
m04093	America's debt keeps growing, and seeing China's involvement, I think global market volatility could affect our family business's cash flow.
m04094	I understand your data-driven billing idea, but our neighborhood has low digital literacy right now, so real-time app tracking could create confusion.
m04095	Last month I moved to Chandigarh; seeing the wide avenues lined with big trees makes even buying rations feel like a holiday.
m04096	When I met the founder who's coming on stage, she said her success credit goes not just to her hard work, but also to her team's 24/7 support.
