m02848	To fix a bad day, nothing beats a plate of pani puri from a roadside cart, with extra spicy water and two bonus puris too.
m02849	That's why it's better to do a bit more research before making a final decision.
m02850	With your help, my confidence is fully restored, and all our plans should go smoothly!
m02851	My first week at Infosys is over, the onboarding sessions were very long but the team is great.
m02852	In my hometown, a year ago there was a careless protest rally, and the police got even stricter and filed FIRs.
m02853	I put aside a portion of my salary each month in a separate account because I'm planning a two-week trip to Europe next summer.
m02854	Obama's decision of 30,000 troops seems far less than General McChrystal's request of 40-60k.
m02855	I believe that a hybrid work model is a more balanced solution.
m02856	But this idea is definitely interesting, let's think about what level of formalities are actually needed.
m02857	Since Kucinich reintroduced it, my former crew members are messaging "let's keep digging", and they're sharing documents on an online forum.
m02858	I've set the date for my GRE next month, and now I'm only studying vocabulary cards and practice tests in the evenings—pray for me, friends!
m02859	I've booked flights for a week in Bali and accommodation by the sea, and I've already made a list of cafes and temples to visit.
m02860	Now I check labels before buying anything from the bakery, because even a little sesame on a bun makes my throat swell.
m02861	I've been doing intermittent fasting for a month, following the 16:8 time window, and I've lost three kilos with no afternoon slump.
m02862	My first week at Zerodha is complete, my colleagues are really nice and I've already found the best chai place near the office.
m02863	My gym slot is fixed at 6 AM now, that's the only time the treadmill is free.
m02864	The new restaurant near the office actually serves proper Jain food with no onion, no garlic, no root vegetables, so I'll be eating there all week.
m02865	The neighbor's kid can play entire devotional hymns, and I'm still trying to find the right notes on my harmonium.
m02866	Sneha sent me a hundred reels via text today, and my little sister thinks I have nothing else to do but watch them.
m02867	My son Reyansh took his first wobbly steps today, and I screamed so loudly that my wife thought something broke.
m02868	Listen, if this is to be safe, you need to review your contract carefully and have an exit strategy ready.
m02869	Vikram surprised me with breakfast in bed on his birthday, my husband can't cook but he tried so hard I almost cried.
m02870	Moreover, insurance policies probably have exclusions for motorized vehicles used by minors, so actual coverage is questionable.
m02871	My finger got pinched in the cupboard door this morning while getting ready, and now the swelling is so bad that even typing is difficult.
m02872	I'm studying for three hours every night after work on my CFA prep, and the ethics readings seem never-ending.
m02873	We play basketball every Sunday morning on a court near our house, I'm the shortest but I always steal the ball.
m02874	Do you know if there's an LGBTQ+ community center or support group that regularly meets in San Francisco?
m02875	I take a short Italian lesson on my phone every night so I can finally order pasta without pointing at the menu.
m02876	I spent the whole evening grading forty notebooks from class six, teaching in school is not a nine-to-five job.
m02877	Every ten days, my mom and I go for an evening walk together, and during that time, light laughs and positive affirmations noticeably reduce my stress level.
m02878	I had a fresh brew at a coffee shop, then I saw the Lehman bankruptcy on TV news and my heart started racing.
m02879	On the free tier alone, I use price filters and saved searches, and I've found some options perfect for my budget, so I'm still evaluating whether the paid tier is necessary.
m02880	Pooja just got promoted at the bank and called me crying with joy, I'm so proud of my little sister.
m02881	Barcelona's sudden victory was so thrilling, I stayed up past midnight last night, now I'm a zombie at work.
m02882	My friend says the safety level is dropping because crime is surging, and I'm curious what changes will happen next month.
m02883	What if we turned Markov-states into interactive heat-maps so fans could themselves predict which off-ball run will happen in the next minute?
m02884	Ayon lost his first tooth today and asked if the tooth fairy accepts digital payments, my little boy is cleverer than his age.
m02885	Harvard poll says 70% of students worry about social security, which means there are still many questions about questionnaire design and sample bias, so it's hard to believe that confidently.
m02886	Do you think this damaged voters' trust due to political inconsistency?
m02887	Looking at your smartwatch data, your weekly step count should cross 10k, and adding a simple 30-minute evening walk would boost your cardio fitness.
m02888	Your insights always give me direction, thank you for sharing.
m02889	If foreign fighters remain a tactical threat, I'm very worried about civilian safety.
m02890	My little brother Kabir is coming home this weekend, and he's already sent mom a full list of everything he wants to eat.
m02891	How can the future generation develop an open mind and empathy?
m02892	This incident taught me that whenever an ambiguous request comes, I should first take verification steps, otherwise I might get stuck in unnecessary compliance.
m02893	I started Arabic classes, the script is so beautifully artistic, and I'm trying to teach my kid the alphabet at home.
m02894	My alarm goes off every morning at 5:30, and I finish my run and stretching by sunrise.
m02895	Barcelona's last-minute goal gave me goosebumps last night, I stayed awake past midnight and now I'm a zombie at the office.
m02896	Some studies show that microplastic leaching increases on floating platforms, especially when styrofoam degrades under UV, which can introduce new particles into the water column.
m02897	This way your grassroots data becomes a credible baseline for larger campaigns, and donors also get a fresh angle to show real-world impact.
m02898	And remember, if you ever face a small setback, it's part of learning—you must always trust yourself.
m02899	I'm really doubting Bob's statement—is the media hype just hype, or is there actual pain involved?
m02900	I took the metro to the office today, it was packed but still better than sitting in traffic for an hour.
m02901	I wonder how soon this CRISPR model will expand to other rare diseases, I'm following the updates eagerly.
m02902	I started evening Japanese classes last month, now I can introduce myself and order ramen, but kanji is killing my brain.
m02903	After hearing about Brooke Baum's death, I've lost confidence in my belief that skydiving is safe, and I have doubts about risk management now.
m02904	Also, I should connect with my college's career services to access industry-specific mentorship programs, which would increase my job-placement probability.
m02905	I played three sets of tennis on Sunday morning, my backhand has gotten stronger, and the club was pretty quiet that day.
m02906	I started Mandarin lessons on an app and my tones are terrible, yesterday I accidentally called my mom a horse.
m02907	These small steps make our travel experience sustainable, so next time you visit Kathmandu, definitely bring your reusable gear!
m02908	Barcelona's last-minute goal gave me goosebumps, I stayed awake past midnight last night, and now I'm a zombie at the office.
m02909	My alarm goes off at 5 AM every morning, I go to the gym before anyone else, it's my one quiet time of the day.
m02910	I met old classmates from Delhi University after five years, and sitting in the canteen again felt like the past hadn't changed.
m02911	Who filed the details in the police investigation, I'm curious.
m02912	So there needs to be balance—technology should help, but not push the story aside, otherwise our own memories will start to look pixelated.
m02913	What kind of long-term counselling or financial support should be provided to the victim's family, in your opinion?
m02914	Ananya got her master's admission in Canada, I'm so proud of my little sister!
m02915	After work, I go to the gym every day at 8 PM sharp, and that's when the evening rush is least.
m02916	The restaurant near the office serves actual proper Jain food, with no onion, no garlic, no root vegetables, so I eat there all week.
m02917	No matter how many cuisines I try, crispy masala dosa with coconut chutney remains my all-time favorite.
m02918	What do you think of seeing Diddy Combs as a survivor?
m02919	I moved to Mysore two weeks ago, the roads here are completely empty and finally I can hear birds chirping in the early morning.
m02920	For three weeks I've been eating completely gluten-free food, which has been a relief, but I miss the smell of bakeries.
m02921	Bush just canceled a Florida-Alabama tour, and I'm curious why the Washington advisers want to fix market plans.
m02922	Have feedback forms ready digitally, track complaints in real-time, and share an immediate action plan.
m02923	I book a Rapido bike taxi to go to the office these days, which saves me from traffic jams and at least twenty minutes.
m02924	Now I'm keeping a small portion of Abivax in my portfolio, hoping regulatory clearance comes soon and the stock maintains its upward momentum.
m02925	My uncle's cousin Ravi, 45, recently joined therapy and his stress has reduced, so the whole family has calmed down too; if he shares his experience, others will feel confident.
m02926	Involving international NGOs and diaspora volunteers, peace-building workshops are being conducted, and we need to rebuild ground-level trust.
m02927	When we create positive energy together, motivation naturally increases, and this becomes the main driver of academic improvement.
m02928	I spent the whole day checking the foundation work of a new bungalow at the construction site, being an architect means my shoes are always full of mud.
m02929	My gym slot is now fixed at 6 AM, the treadmill is only free at that time.
m02930	I understand the app looked impressive, but I maintain that "instant-flag" is not always 100% reliable.
m02931	I've been taking flute classes for three months, now I can play a full raag without squeaking, and even the neighbors are quite relieved.
m02932	If something is bothering you or you're feeling tense, please tell me, I'm always here.
m02933	A month ago I quit sugar completely, now my morning tea is also sugar-free and I feel much lighter.
m02934	Let's monitor the literature and maintain regular optometrist visits; this way we can benefit from current data while new findings are being validated.
m02935	I can understand why you like the gougère hype, but personally I feel it might be a bit heavy.
m02936	We should all schedule PSA tests, and if anyone has doubts, we should have a plan for an immediate second opinion.
m02937	If you do all this, your perspective will be strong and you won't fall for the hype.
m02938	After hearing the Simon Bunce story about credit card hacking from online shopping, the next day police showed up at the door about Operation Ore.
m02939	How does the axial-flux disc design manage to be so compact?
m02940	Let's partner with our city council and introduce an incentive scheme giving out "Clean Ride" badges, so subway riders and vehicle drivers become more safety-conscious.
m02941	According to my research, there are rebates for programmable thermostats, and you can also apply for installation vouchers through the online portal.
m02942	I'm eager to hear real-world examples of the impact of your friend's virtual training program.
m02943	But before the battery reached 2.5 hours, I was watching travel vlogs on YouTube, and when I watched without a light blocker the screen glare came fast, so I had to pause and adjust.
m02944	Use your storytelling skills to explain this issue simply to local youth groups, so they can become aware.
m02945	Being a dentist means standing for hours, today after back-to-back root canals my back is aching.
m02946	I had to send back noodles that had peanuts in them—I'm allergic, and even a little bit makes my throat tight.
m02947	Our procedures are strict, so we place our own filter on any staged story to reach the exact truth.
m02948	Varun posted his new haircut photo today, and my brother has been hearing compliments all day.
m02949	I catch the city bus right from outside my street and read novels the entire commute, no travel stress at all.
m02950	Since Elon Musk is focusing on Tesla again, I also think our local market sales could dip even deeper.
m02951	I'm taking practice tests every Sunday now, the CAT is in November and my math is still weak.
m02952	Every morning at 5:30 my alarm goes off, and I finish my run and stretching by sunrise.
m02953	What type of projects do you feel AI tools help you most with?
m02954	If Amazon didn't say "Only X left", I wouldn't think I need to order right away.
m02955	Finally, by taking an active role in international data-governance frameworks, we can prevent cross-border data leaks and strengthen our global privacy.
m02956	I fell off my cycle over a pothole yesterday, now my wrist is in a splint, and even typing and brushing my hair is difficult.
m02957	I understand that farmers need immediate relief from the price gap, but this isn't just because of import policy; global market fluctuations and seasonal supply-demand mismatches also affect prices.
m02958	Current NISQ experiments only run on a few qubits and tiny data sets, so seconds-level polynomial fitting is still in proof-of-concept stage.
m02959	Reading this report, I have doubts—was it staff negligence?
m02960	After the event, he started volunteering with a local nonprofit and began sharing legal aid resources with other gamers, which really motivated everyone.
m02961	I shifted to Jaipur two weeks ago, the flat is nice but I'm still figuring out which roads to avoid during rush hour.
m02962	Now I'm eating protein-rich foods, mostly vegetables, paneer, and pulses, and slowly building muscle.
m02963	I started learning Arabic in the evening, the script looks so beautifully artistic, and I'm trying to teach my kid the alphabet from home.
m02964	Do you know that Sarah Akinterinwa's cartoon in The Guardian shows how some privileged groups can be "blind" to far-right movements?
m02965	My alarm goes off at 5 AM every day and I reach the gym first, that's my one quiet time of the day.
m02966	This experience made me understand how practical Varalaxmi's point about "kids like a factory" really is.
m02967	I hope our country's institutions adopt this model, but what practical hurdles could there be?
m02968	Our big product launch at Tata Motors just wrapped up, so I'm finally taking a long weekend off.
m02969	Tax season is brutal, and as a chartered accountant I'm filing returns for clients late into the night every day.
m02970	I want to know what hidden links they're searching for from the victim's DNA, soot samples, and kiln residue.
m02971	I save a little bit from every salary, dreaming of one day opening my own cafe with good coffee and cake.
m02972	My first thirty-day Duolingo streak is complete, now I can order tapas in Spanish without pointing at the menu.
m02973	I moved to Jaipur two weeks ago, the house is nice but I'm still figuring out which roads to avoid during rush hour.
m02974	Taylor Swift's concert tickets sold out in minutes, but I managed to get one somehow, I still can't believe it.
m02975	I'm going back to Hubballi for Diwali where I grew up, and I'm waiting for mom's homemade food and the old market lights.
m02976	I joined flute classes three months ago, now I can play a complete raag without missing notes, and my neighbors are quite relieved.
m02977	They have trust in the policy, they're not worried, just enjoying nature.
m02978	Sunrisers Hyderabad finally won a nail-biter match last night, I screamed so loudly the whole building probably heard me.
m02979	I ran into my old professor yesterday, he still remembered the late-night debates in the JNU hostel mess.
m02980	If any unexpected policy changes or financial shocks come up, we can quickly make a contingency plan together to reduce stress and stay financially stable.
m02981	Anika drew a picture of our whole family at school today, and my daughter's artwork now covers the entire fridge door.
m02982	Kenzie is promoting as an influencer, and when she said "Whoa, you could be my daughter", I got so curious thinking "how real could this actually be?"
m02983	As a dentist I have to stand for hours, after back-to-back root canals today my back is really aching.
m02984	Siddharth and I are going to look at wedding card designs this weekend, and my fiancée has firm opinions on every single font.
m02985	Maybe adding an optional 'critical-sports-media' module in schools would be more effective, where students learn fact-checking and bias-analysis.
m02986	Battery life can also reduce after six months, especially if you use it daily, so charging frequency will increase.
m02987	I just came back from the hospital after working a double shift, my feet hurt but I really love being a nurse.
m02988	Honestly, this "Trump 2.0" look gives us a luxe, apolitical vibe, but it's also subtly normalizing political alignment.
m02989	Emirates said they never ask for personal details in unsolicited emails or calls, so if someone addresses you as "Dear Customer" definitely flag it.
m02990	I believe this collaborative effort will brighten the inmates' future and make society more inclusive.
m02991	My finger got pinched in the cupboard door while getting ready this morning, now there's swelling and typing is difficult.
m02992	I spent the whole evening listening to old Lata Mangeshkar songs on vinyl, even after all these years her voice still gives me goosebumps.
m02993	Was there a concrete timeline finalized for this lobbying effort with your team?
m02994	Early mornings are much easier now, the office cab picks me up from the building entrance and I get a little sleep on the way.
m02995	I moved to Bhubaneswar a week ago, today I'm unpacking boxes in the new house, there's so much stuff.
m02996	I should book a doctor's appointment at the end of summer for a flu shot and set a reminder.
m02997	This experience gave me the "glamorous beach-villa" idea for my own wedding theme, and now I'm super excited about it.
m02998	Every morning the same auto driver picks me up, now he knows the office route without me telling him.
m02999	I miss Shimla so much every winter, the first snowfall and drinking hot chocolate on the balcony with cousins is what I really miss.
m03000	I spent four hours on political science notes and an hour on newspaper editorials, UPSC prep is truly a marathon.
m03001	We should even have a contingency plan to switch to open-source LLMs like Llama-2 as a fallback, even though integration overhead increases, let's blueprint this now.
m03002	Was Bangladesh's withdrawal only due to security concerns, or was there some other hidden reason?
m03003	I practice Tamil on an app for twenty minutes every day, my new colleagues speak it during lunch and I'm feeling left out.
m03004	I play tennis-ball cricket with friends every Sunday morning on the colony ground, today I took three wickets!
m03005	If a mouse needs an ergonomic grip, one with an adjustable thumb-rest size and pressure-sensitive click zones would be helpful.
m03080	This is a concrete example I found showing that US support and local engagement have synergistic effects on safety and economic uplift.
m03329	I completed the full IBPS PO mock paper on time today, finally my reasoning speed is improving.
m03330	I lifted a heavy box wrong while unpacking, now my lower back hurts and it's even difficult to sit up straight.
m03331	If the victim's privacy breach is confirmed, it would be interesting to see how severe the repercussions could be.
m03332	Also, if we give ASHA workers short training, they can go door-to-door spreading awareness, and we can get panchayat to allocate funds for their travel allowance.
m03333	What's your next big purchase plan, and how much research have you done on price-drop cycles?
m03334	Wow, seeing such a massive checking system really amazes me, I wonder how the board's logistics were organized!
m03335	I spent four hours on political science notes and an hour on newspaper editorials, UPSC prep is truly a marathon.
m03336	If you're stressed, take short breaks and try mindfulness practice, it helps clear your perspective.
m03337	Last night I ran into old college classmates from Christ University, we sat reminiscing about samosas in the canteen for an hour.
m03338	Whatever you see on social media, fact-check it first, and only trust it if it's correct.
m03339	Yesterday, a new Tata Nexon car arrived at home, and I drove it around the neighborhood twice to enjoy the new car smell.
m03340	Meera finally passed her driving test on the third attempt, and now my little sister is ready to drop me off anywhere.
m03341	I started Arabic classes in the evening, the script looks so beautifully artistic and I'm trying to learn to read it from right to left.
m03342	It's shocking to hear that industrial policy funding delays can affect even water-release from a pond.
m03343	If there's a specific edition or podcast that intrigues you most, tell me and I'd like to explore it too!
m03344	I tried a saffron-infused martini at my cousin's wedding, and everyone was instantly impressed by its subtle flavor.
m03345	Advay rode his cycle without training wheels for the first time today, and my son kept smiling the whole evening.
m03346	I go to play volleyball with friends every Sunday morning at the neighborhood field, and we stop only when the sun gets too hot.
m03347	If anyone brings up politics, we ring a little bell to pause the conversation, and then we switch to family games or story time.
m03348	I bought an Ola S1 electric scooter yesterday, the silent ride feels like gliding, and my parents keep asking where the engine sound went.
m03349	I've been taking flute classes for three months, now I can play a complete raag without any off-key notes, and my neighbors really appreciate it.
m03350	Still, if we ever have doubts, we can check real-time permission logs from the Amazon dashboard.
m03351	We don't need to give up board games entirely—we can organize outdoor activities like cycling or park games on weekends, which will balance digital distractions.
m03352	Adding a calming ritual every night, like light stretching or a gratitude journal, will naturally boost relaxation.
m03353	I stayed up late last night for the IPL match, and my Rajasthan Royals won in the last over, what a game!
m03354	Every Sunday I go to a street vendor near my house and eat chole bhature, there's nothing better for breakfast.
m03355	If the driver had no bad intention, would mom still panic thinking it could turn into a kidnapping scene if the car was parked in the fire lane?
m03356	I finally brought a brand new Kia Seltos home on Sunday, and my parents did a puja with coconut and lime before the first drive.
m03357	After work every night, I study CFA prep for three hours, the ethics readings seem never-ending.
m03358	If any unexpected setback comes up, immediately schedule a quick post-mortem meeting so we can pinpoint the exact cause and clarify next steps.
m03359	I joined a weekend test series, I just finished the first full mock today, GATE is four months away and I need to increase my speed.
m03360	I started basic French lessons on my phone, now I can count to twenty and order croissants, but my pronunciation is terrible.
m03361	Dinesh Pawaiya's team seized not just excavators but also three mechanical boats and two dumpers, all worth 1.30 crore together.
m03362	Mom sent a big box of oranges from Nagpur, and they remind me most of growing up there.
m03363	Also, after the age verification process, giving athletes a short counseling session would help them feel more secure.
m03364	Shruti and I looked at five venues today and finally fixed the wedding venue, my fiancée has really good taste.
m03365	It seems the district always finds loopholes, so it's necessary to be prepared from every angle.
m03366	I also set aside another part of this month's salary, every rupee is going into my MBA abroad fund for next year.
m03367	How can we preserve cultural appreciation while avoiding unnecessary spending through smart choices?
m03368	The Springsteen auction event, though it raises transparency questions, is creating big impact in directly supporting veterans and raising public awareness.
m03369	Hearing about WeWork's restructuring, I also believe more companies could be attracted to this revenue-sharing model and solve the space scarcity problem.
m03370	Kavya showed me her favorite romance film again last night, my wife remembers every line of dialogue.
m03371	Scheduling periodic iCloud data exports (like Photos and Documents) to an external SSD is also smart, because if the subscription ends or price increases your crucial files stay safe.
m03372	Mom sent a big box of oranges from Nagpur, which reminds me most of the time I grew up there.
m03373	I wore my yellow jersey to the office today because Chennai Super Kings play tonight, and I won't miss a single match this IPL season.
m03374	During last summer break, I built a small line-following robot with my niece using an Arduino starter kit, and we debugged the code together.
m03375	The new restaurant near the office actually serves proper Jain food—no onion, no garlic, no root vegetables—so I'll eat there all week.
m03376	In that moment, my brother gave surprise gifts to everyone including my grandma, and seeing their smiles uplifted me too.
m03377	The fast-paced editing and confusing plot aren't conveying the proper message to the audience because clarity is important.
m03378	I'm new to Lucknow and still figuring out everything, including shortcuts; this habit hasn't formed yet.
m03379	Don't you think the wind gave players an incredible mental test, and Fitzpatrick's struggle on the 18th felt like déjà vu?
m03380	We need to launch an online fundraising campaign, and circulate newsletters through the diaspora network.
m03381	So we should respect the majority decision but also give some flexibility to the minority, otherwise future decisions will have an "anti-democratic" vibe.
m03382	I passed my German A1 exam! But those tricky articles like "der, die, das" are still confusing me.
m03383	My daughter Sanvi lost her first tooth today, and she's been smiling in the mirror all evening like she won a medal.
m03384	Last summer I went to Six Flags with my friends, I tried the loop-the-loop ride for the first time, it was thrilling but my heart raced so fast.
m03385	Sunrisers Hyderabad finally won an exciting match last night, I screamed so loudly the whole building probably heard me.
m03386	Based on recent data, technology and personal grievances have a lot of influence, but financial motives are still relevant too.
m03387	I spent the whole day cleaning up messy spreadsheets and building dashboards, being a data analyst is like detective work with numbers.
m03388	Every month I put a fixed amount in a separate account because I'm determined to buy my first car within next year.
m03389	If you schedule a comprehensive gynecology check-up every 2-3 years, no big surprises will come and your doctor can easily track your health trends.
m03390	Today I played an entire song on piano without a single mistake, my teacher clapped and I felt like an expert.
m03391	My office is quite close to home, so I walk there every morning, I save money and my mind feels fresh.
m03392	Tiger chewed up my slippers again this morning, my German Shepherd has so much energy.
m03393	A.R. Rahman's new album dropped at midnight and I stayed awake listening to every song, he never makes mistakes.
m03394	Also, create a simple applet with IFTTT or Zapier that auto-saves every tweet to Google Drive or Notion, so you won't need manual backup.
m03395	For your policy change doubts, contact local NGOs, they conduct regular safety workshops, attend and get practical tips.
m03396	Now add one more layer—backup your important documents in encrypted cloud storage like Google Drive or Dropbox, and rotate your password every 3 months.
m03397	I spent the full evening checking forty class 6 notebooks, teaching in school is not a 9-to-5 job.
m03398	My alarm goes off at 5:30 every morning, and I finish my run and stretching by sunrise.
m03399	Anika drew a picture of our whole family at school today, and my daughter's artwork now covers the entire fridge door.
m03400	I've been in Hyderabad for three months now, but I still can't handle the spice level of the biryani here.
m03401	I booked flight tickets this morning for my Dubai holiday next month, and I've already started making my packing list.
m03402	This also addresses the digital divide concern, and trust-building becomes even stronger.
m03403	My daughter Sanvi lost her first tooth today, and she's been smiling in the mirror all evening like she won a medal.
m03404	What does Anya's off-Broadway start look like, and who can guess?
m03405	I slipped on wet stairs at the office and twisted my knee badly, the physio said it's a ligament strain and I can't run for a month.
m03406	I understand winter tension, but inquire about a fixed-price contract from your local heating-oil supplier today, locking in rates prevents future price spikes.
m03407	What country-level approvals are needed to finalize the legal framework of these data-share agreements, and how long will they take?
m03408	I reserved the squash court again for Saturday morning, it's the only way I can let off a week's worth of frustration.
m03409	My guru said that my three-taal on the tabla is finally stable, I got the results of three months of practice.
m03410	I started Mandarin lessons on an app, my tones are a complete disaster, yesterday I accidentally had to say "mother" but said "horse" instead.
m03411	When I ordered at the Mughlai restaurant near home, I could never skip the butter chicken and hot garlic naan.
m03412	Before going to sleep last night, I was reading my news feed, and I saw my cousin mention something about Vijaya D.
m03080	This is a concrete example I observed that clearly demonstrates how US support, local engagement, safety, and economic uplift together created a powerful synergistic effect.
m03080	This is a concrete example I observed that demonstrates how US political support combined with local community engagement, safety measures, and economic uplift initiatives worked together to create powerful synergistic effects in the region.
m03080	This concrete example I found really demonstrates that when US support is combined with genuine local community engagement and grassroots safety initiatives, you get a powerful synergistic effect that drives meaningful economic uplift and sustainable development in the region.
