fact_id,lang,form,cond,answered,correct,needle_in
u32_f2,hi,en,raw,True,False,True
u32_f2,hi,en,gloss,True,True,True
u32_f2,hi,en,oracle,True,True,True
u32_f2,hi,hi_cm_rom,raw,True,False,False
u32_f2,hi,hi_cm_rom,gloss,True,False,True
u32_f2,hi,hi_cm_rom,oracle,True,True,True
u32_f2,hi,hi_cm_nat,raw,True,False,False
u32_f2,hi,hi_cm_nat,gloss,True,True,True
u32_f2,hi,hi_cm_nat,oracle,True,True,True
u32_f2,hi,hi_mono_nat,raw,True,False,False
u32_f2,hi,hi_mono_nat,gloss,True,True,True
u32_f2,hi,hi_mono_nat,oracle,True,True,True
u32_f2,hi,hi_mono_rom,raw,True,False,False
u32_f2,hi,hi_mono_rom,gloss,True,False,False
u32_f2,hi,hi_mono_rom,oracle,True,True,True
u32_f2,kn,kn_cm_rom,raw,True,False,False
u32_f2,kn,kn_cm_rom,gloss,True,False,False
u32_f2,kn,kn_cm_rom,oracle,True,True,True
u32_f2,kn,kn_cm_nat,raw,True,False,False
u32_f2,kn,kn_cm_nat,gloss,True,False,True
u32_f2,kn,kn_cm_nat,oracle,True,True,True
u32_f2,kn,kn_mono_nat,raw,True,False,False
u32_f2,kn,kn_mono_nat,gloss,True,False,True
u32_f2,kn,kn_mono_nat,oracle,True,True,True
u32_f2,kn,kn_mono_rom,raw,True,False,False
u32_f2,kn,kn_mono_rom,gloss,True,True,True
u32_f2,kn,kn_mono_rom,oracle,True,True,True
u33_f2,hi,en,raw,True,True,True
u33_f2,hi,en,gloss,True,True,True
u33_f2,hi,en,oracle,True,True,True
u33_f2,hi,hi_cm_rom,raw,True,False,False
u33_f2,hi,hi_cm_rom,gloss,True,True,True
u33_f2,hi,hi_cm_rom,oracle,True,True,True
u33_f2,hi,hi_cm_nat,raw,True,False,False
u33_f2,hi,hi_cm_nat,gloss,True,True,True
u33_f2,hi,hi_cm_nat,oracle,True,True,True
u33_f2,hi,hi_mono_nat,raw,True,False,False
u33_f2,hi,hi_mono_nat,gloss,True,True,True
u33_f2,hi,hi_mono_nat,oracle,True,True,True
u33_f2,hi,hi_mono_rom,raw,True,False,False
u33_f2,hi,hi_mono_rom,gloss,True,True,True
u33_f2,hi,hi_mono_rom,oracle,True,True,True
u33_f2,kn,kn_cm_rom,raw,True,False,False
u33_f2,kn,kn_cm_rom,gloss,True,True,True
u33_f2,kn,kn_cm_rom,oracle,True,True,True
u33_f2,kn,kn_cm_nat,raw,True,False,False
u33_f2,kn,kn_cm_nat,gloss,True,True,True
u33_f2,kn,kn_cm_nat,oracle,True,True,True
u33_f2,kn,kn_mono_nat,raw,True,False,False
u33_f2,kn,kn_mono_nat,gloss,True,True,True
u33_f2,kn,kn_mono_nat,oracle,True,True,True
u33_f2,kn,kn_mono_rom,raw,True,False,False
u33_f2,kn,kn_mono_rom,gloss,True,False,False
u33_f2,kn,kn_mono_rom,oracle,True,False,True
u31_f5,hi,en,raw,True,True,True
u31_f5,hi,en,gloss,True,True,True
u31_f5,hi,en,oracle,True,True,True
u31_f5,hi,hi_cm_rom,raw,True,False,False
u31_f5,hi,hi_cm_rom,gloss,True,True,True
u31_f5,hi,hi_cm_rom,oracle,True,True,True
u31_f5,hi,hi_cm_nat,raw,True,False,True
u31_f5,hi,hi_cm_nat,gloss,True,False,True
u31_f5,hi,hi_cm_nat,oracle,True,False,True
u31_f5,hi,hi_mono_nat,raw,True,True,True
u31_f5,hi,hi_mono_nat,gloss,True,True,True
u31_f5,hi,hi_mono_nat,oracle,True,True,True
u31_f5,hi,hi_mono_rom,raw,True,False,False
u31_f5,hi,hi_mono_rom,gloss,True,True,True
u31_f5,hi,hi_mono_rom,oracle,True,True,True
u31_f5,kn,kn_cm_rom,raw,True,False,False
u31_f5,kn,kn_cm_rom,gloss,True,True,True
u31_f5,kn,kn_cm_rom,oracle,True,True,True
u31_f5,kn,kn_cm_nat,raw,True,False,False
u31_f5,kn,kn_cm_nat,gloss,True,False,True
u31_f5,kn,kn_cm_nat,oracle,True,True,True
u31_f5,kn,kn_mono_nat,raw,True,False,False
u31_f5,kn,kn_mono_nat,gloss,True,False,True
u31_f5,kn,kn_mono_nat,oracle,True,True,True
u31_f5,kn,kn_mono_rom,raw,True,False,False
u31_f5,kn,kn_mono_rom,gloss,True,True,True
u31_f5,kn,kn_mono_rom,oracle,True,True,True
u37_f4,hi,en,raw,True,True,True
u37_f4,hi,en,gloss,True,True,True
u37_f4,hi,en,oracle,True,True,True
u37_f4,hi,hi_cm_rom,raw,True,True,True
u37_f4,hi,hi_cm_rom,gloss,True,True,True
u37_f4,hi,hi_cm_rom,oracle,True,True,True
u37_f4,hi,hi_cm_nat,raw,True,True,True
u37_f4,hi,hi_cm_nat,gloss,True,True,True
u37_f4,hi,hi_cm_nat,oracle,True,True,True
u37_f4,hi,hi_mono_nat,raw,True,True,True
u37_f4,hi,hi_mono_nat,gloss,True,True,True
u37_f4,hi,hi_mono_nat,oracle,True,True,True
u37_f4,hi,hi_mono_rom,raw,True,False,False
u37_f4,hi,hi_mono_rom,gloss,True,False,False
u37_f4,hi,hi_mono_rom,oracle,True,True,True
u37_f4,kn,kn_cm_rom,raw,True,True,True
u37_f4,kn,kn_cm_rom,gloss,True,True,True
u37_f4,kn,kn_cm_rom,oracle,True,False,True
u37_f4,kn,kn_cm_nat,raw,True,True,True
u37_f4,kn,kn_cm_nat,gloss,True,True,True
u37_f4,kn,kn_cm_nat,oracle,True,True,True
u37_f4,kn,kn_mono_nat,raw,True,True,True
u37_f4,kn,kn_mono_nat,gloss,True,False,False
u37_f4,kn,kn_mono_nat,oracle,True,True,True
u37_f4,kn,kn_mono_rom,raw,True,False,False
u37_f4,kn,kn_mono_rom,gloss,True,False,True
u37_f4,kn,kn_mono_rom,oracle,True,True,True
u33_f5,hi,en,raw,True,True,True
u33_f5,hi,en,gloss,True,False,False
u33_f5,hi,en,oracle,True,True,True
u33_f5,hi,hi_cm_rom,raw,True,False,False
u33_f5,hi,hi_cm_rom,gloss,True,False,False
u33_f5,hi,hi_cm_rom,oracle,True,True,True
u33_f5,hi,hi_cm_nat,raw,True,False,False
u33_f5,hi,hi_cm_nat,gloss,True,False,False
u33_f5,hi,hi_cm_nat,oracle,True,True,True
u33_f5,hi,hi_mono_nat,raw,True,True,False
u33_f5,hi,hi_mono_nat,gloss,True,False,False
u33_f5,hi,hi_mono_nat,oracle,True,True,True
u33_f5,hi,hi_mono_rom,raw,True,False,False
u33_f5,hi,hi_mono_rom,gloss,True,False,False
u33_f5,hi,hi_mono_rom,oracle,True,True,True
u33_f5,kn,kn_cm_rom,raw,True,False,False
u33_f5,kn,kn_cm_rom,gloss,True,False,False
u33_f5,kn,kn_cm_rom,oracle,True,True,True
u33_f5,kn,kn_cm_nat,raw,True,False,False
u33_f5,kn,kn_cm_nat,gloss,True,False,False
u33_f5,kn,kn_cm_nat,oracle,True,True,True
u33_f5,kn,kn_mono_nat,raw,True,False,False
u33_f5,kn,kn_mono_nat,gloss,True,False,False
u33_f5,kn,kn_mono_nat,oracle,True,True,True
u33_f5,kn,kn_mono_rom,raw,True,False,False
u33_f5,kn,kn_mono_rom,gloss,True,False,False
u33_f5,kn,kn_mono_rom,oracle,True,True,True
u14_f5,hi,en,raw,True,True,True
u14_f5,hi,en,gloss,True,True,True
u14_f5,hi,en,oracle,True,True,True
u14_f5,hi,hi_cm_rom,raw,True,True,True
u14_f5,hi,hi_cm_rom,gloss,True,True,True
u14_f5,hi,hi_cm_rom,oracle,True,True,True
u14_f5,hi,hi_cm_nat,raw,True,True,True
u14_f5,hi,hi_cm_nat,gloss,True,True,True
u14_f5,hi,hi_cm_nat,oracle,True,True,True
u14_f5,hi,hi_mono_nat,raw,True,False,False
u14_f5,hi,hi_mono_nat,gloss,True,True,True
u14_f5,hi,hi_mono_nat,oracle,True,True,True
u14_f5,hi,hi_mono_rom,raw,True,True,True
u14_f5,hi,hi_mono_rom,gloss,True,True,True
u14_f5,hi,hi_mono_rom,oracle,True,True,True
u14_f5,kn,kn_cm_rom,raw,True,False,False
u14_f5,kn,kn_cm_rom,gloss,True,True,True
u14_f5,kn,kn_cm_rom,oracle,True,True,True
u14_f5,kn,kn_cm_nat,raw,True,False,False
u14_f5,kn,kn_cm_nat,gloss,True,True,True
u14_f5,kn,kn_cm_nat,oracle,True,True,True
u14_f5,kn,kn_mono_nat,raw,True,False,False
u14_f5,kn,kn_mono_nat,gloss,True,False,False
u14_f5,kn,kn_mono_nat,oracle,True,True,True
u14_f5,kn,kn_mono_rom,raw,True,True,True
u14_f5,kn,kn_mono_rom,gloss,True,True,True
u14_f5,kn,kn_mono_rom,oracle,True,True,True
u12_f5,hi,en,raw,True,False,False
u12_f5,hi,en,gloss,True,False,False
u12_f5,hi,en,oracle,True,False,True
u12_f5,hi,hi_cm_rom,raw,True,True,True
u12_f5,hi,hi_cm_rom,gloss,True,False,False
u12_f5,hi,hi_cm_rom,oracle,True,True,True
u12_f5,hi,hi_cm_nat,raw,True,False,False
u12_f5,hi,hi_cm_nat,gloss,True,False,False
u12_f5,hi,hi_cm_nat,oracle,True,True,True
u12_f5,hi,hi_mono_nat,raw,True,False,False
u12_f5,hi,hi_mono_nat,gloss,True,False,False
u12_f5,hi,hi_mono_nat,oracle,True,True,True
u12_f5,hi,hi_mono_rom,raw,True,False,False
u12_f5,hi,hi_mono_rom,gloss,True,False,False
u12_f5,hi,hi_mono_rom,oracle,True,True,True
u12_f5,kn,kn_cm_rom,raw,True,False,False
u12_f5,kn,kn_cm_rom,gloss,True,False,False
u12_f5,kn,kn_cm_rom,oracle,True,True,True
u12_f5,kn,kn_cm_nat,raw,True,False,False
u12_f5,kn,kn_cm_nat,gloss,True,False,False
u12_f5,kn,kn_cm_nat,oracle,True,True,True
u12_f5,kn,kn_mono_nat,raw,True,False,False
u12_f5,kn,kn_mono_nat,gloss,True,False,False
u12_f5,kn,kn_mono_nat,oracle,True,True,True
u12_f5,kn,kn_mono_rom,raw,True,False,False
u12_f5,kn,kn_mono_rom,gloss,True,False,False
u12_f5,kn,kn_mono_rom,oracle,True,False,True
u36_f6,hi,en,raw,True,False,False
u36_f6,hi,en,gloss,True,False,False
u36_f6,hi,en,oracle,True,True,True
u36_f6,hi,hi_cm_rom,raw,True,True,True
u36_f6,hi,hi_cm_rom,gloss,True,True,True
u36_f6,hi,hi_cm_rom,oracle,True,True,True
u36_f6,hi,hi_cm_nat,raw,True,False,False
u36_f6,hi,hi_cm_nat,gloss,True,False,False
u36_f6,hi,hi_cm_nat,oracle,True,True,True
u36_f6,hi,hi_mono_nat,raw,True,False,False
u36_f6,hi,hi_mono_nat,gloss,True,False,False
u36_f6,hi,hi_mono_nat,oracle,True,True,True
u36_f6,hi,hi_mono_rom,raw,True,False,False
u36_f6,hi,hi_mono_rom,gloss,True,False,False
u36_f6,hi,hi_mono_rom,oracle,True,True,True
u36_f6,kn,kn_cm_rom,raw,True,False,False
u36_f6,kn,kn_cm_rom,gloss,True,False,False
u36_f6,kn,kn_cm_rom,oracle,True,True,True
u36_f6,kn,kn_cm_nat,raw,True,False,False
u36_f6,kn,kn_cm_nat,gloss,True,False,False
u36_f6,kn,kn_cm_nat,oracle,True,True,True
u36_f6,kn,kn_mono_nat,raw,True,False,False
u36_f6,kn,kn_mono_nat,gloss,True,False,False
u36_f6,kn,kn_mono_nat,oracle,True,True,True
u36_f6,kn,kn_mono_rom,raw,True,False,False
u36_f6,kn,kn_mono_rom,gloss,True,True,True
u36_f6,kn,kn_mono_rom,oracle,True,True,True
u32_f3,hi,en,raw,True,False,False
u32_f3,hi,en,gloss,True,False,False
u32_f3,hi,en,oracle,True,True,True
u32_f3,hi,hi_cm_rom,raw,True,False,False
u32_f3,hi,hi_cm_rom,gloss,True,False,False
u32_f3,hi,hi_cm_rom,oracle,True,True,True
u32_f3,hi,hi_cm_nat,raw,True,False,False
u32_f3,hi,hi_cm_nat,gloss,True,False,False
u32_f3,hi,hi_cm_nat,oracle,True,True,True
u32_f3,hi,hi_mono_nat,raw,True,False,False
u32_f3,hi,hi_mono_nat,gloss,True,False,False
u32_f3,hi,hi_mono_nat,oracle,True,True,True
u32_f3,hi,hi_mono_rom,raw,True,False,False
u32_f3,hi,hi_mono_rom,gloss,True,False,False
u32_f3,hi,hi_mono_rom,oracle,True,True,True
u32_f3,kn,kn_cm_rom,raw,True,False,False
u32_f3,kn,kn_cm_rom,gloss,True,False,False
u32_f3,kn,kn_cm_rom,oracle,True,True,True
u32_f3,kn,kn_cm_nat,raw,True,False,False
u32_f3,kn,kn_cm_nat,gloss,True,False,False
u32_f3,kn,kn_cm_nat,oracle,True,True,True
u32_f3,kn,kn_mono_nat,raw,True,False,False
u32_f3,kn,kn_mono_nat,gloss,True,True,True
u32_f3,kn,kn_mono_nat,oracle,True,True,True
u32_f3,kn,kn_mono_rom,raw,True,False,False
u32_f3,kn,kn_mono_rom,gloss,True,True,True
u32_f3,kn,kn_mono_rom,oracle,True,True,True
u11_f4,hi,en,raw,True,True,True
u11_f4,hi,en,gloss,True,True,True
u11_f4,hi,en,oracle,True,True,True
u11_f4,hi,hi_cm_rom,raw,True,True,True
u11_f4,hi,hi_cm_rom,gloss,True,True,True
u11_f4,hi,hi_cm_rom,oracle,True,True,True
u11_f4,hi,hi_cm_nat,raw,True,False,False
u11_f4,hi,hi_cm_nat,gloss,True,True,True
u11_f4,hi,hi_cm_nat,oracle,True,True,True
u11_f4,hi,hi_mono_nat,raw,True,False,False
u11_f4,hi,hi_mono_nat,gloss,True,True,True
u11_f4,hi,hi_mono_nat,oracle,True,True,True
u11_f4,hi,hi_mono_rom,raw,True,False,False
u11_f4,hi,hi_mono_rom,gloss,True,True,True
u11_f4,hi,hi_mono_rom,oracle,True,True,True
u11_f4,kn,kn_cm_rom,raw,True,False,False
u11_f4,kn,kn_cm_rom,gloss,True,True,True
u11_f4,kn,kn_cm_rom,oracle,True,True,True
u11_f4,kn,kn_cm_nat,raw,True,False,False
u11_f4,kn,kn_cm_nat,gloss,True,True,True
u11_f4,kn,kn_cm_nat,oracle,True,True,True
u11_f4,kn,kn_mono_nat,raw,True,False,False
u11_f4,kn,kn_mono_nat,gloss,True,True,True
u11_f4,kn,kn_mono_nat,oracle,True,True,True
u11_f4,kn,kn_mono_rom,raw,True,False,False
u11_f4,kn,kn_mono_rom,gloss,True,True,True
u11_f4,kn,kn_mono_rom,oracle,True,True,True
u08_f1,hi,en,raw,True,True,True
u08_f1,hi,en,gloss,True,True,True
u08_f1,hi,en,oracle,True,True,True
u08_f1,hi,hi_cm_rom,raw,True,False,False
u08_f1,hi,hi_cm_rom,gloss,True,True,True
u08_f1,hi,hi_cm_rom,oracle,True,True,True
u08_f1,hi,hi_cm_nat,raw,True,False,False
u08_f1,hi,hi_cm_nat,gloss,True,True,True
u08_f1,hi,hi_cm_nat,oracle,True,True,True
u08_f1,hi,hi_mono_nat,raw,True,False,False
u08_f1,hi,hi_mono_nat,gloss,True,True,True
u08_f1,hi,hi_mono_nat,oracle,True,True,True
u08_f1,hi,hi_mono_rom,raw,True,False,False
u08_f1,hi,hi_mono_rom,gloss,True,True,True
u08_f1,hi,hi_mono_rom,oracle,True,True,True
u08_f1,kn,kn_cm_rom,raw,True,False,False
u08_f1,kn,kn_cm_rom,gloss,True,True,True
u08_f1,kn,kn_cm_rom,oracle,True,True,True
u08_f1,kn,kn_cm_nat,raw,True,False,False
u08_f1,kn,kn_cm_nat,gloss,True,True,True
u08_f1,kn,kn_cm_nat,oracle,True,True,True
u08_f1,kn,kn_mono_nat,raw,True,False,False
u08_f1,kn,kn_mono_nat,gloss,True,True,True
u08_f1,kn,kn_mono_nat,oracle,True,True,True
u08_f1,kn,kn_mono_rom,raw,True,False,False
u08_f1,kn,kn_mono_rom,gloss,True,False,False
u08_f1,kn,kn_mono_rom,oracle,True,True,True
u29_f2,hi,en,raw,True,True,True
u29_f2,hi,en,gloss,True,False,False
u29_f2,hi,en,oracle,True,True,True
u29_f2,hi,hi_cm_rom,raw,True,False,False
u29_f2,hi,hi_cm_rom,gloss,True,True,True
u29_f2,hi,hi_cm_rom,oracle,True,True,True
u29_f2,hi,hi_cm_nat,raw,True,False,False
u29_f2,hi,hi_cm_nat,gloss,True,True,True
u29_f2,hi,hi_cm_nat,oracle,True,True,True
u29_f2,hi,hi_mono_nat,raw,True,False,False
u29_f2,hi,hi_mono_nat,gloss,True,True,True
u29_f2,hi,hi_mono_nat,oracle,True,True,True
u29_f2,hi,hi_mono_rom,raw,True,False,False
u29_f2,hi,hi_mono_rom,gloss,True,True,True
u29_f2,hi,hi_mono_rom,oracle,True,True,True
u29_f2,kn,kn_cm_rom,raw,True,False,False
u29_f2,kn,kn_cm_rom,gloss,True,True,True
u29_f2,kn,kn_cm_rom,oracle,True,True,True
u29_f2,kn,kn_cm_nat,raw,True,False,False
u29_f2,kn,kn_cm_nat,gloss,True,True,True
u29_f2,kn,kn_cm_nat,oracle,True,True,True
u29_f2,kn,kn_mono_nat,raw,True,False,False
u29_f2,kn,kn_mono_nat,gloss,True,True,True
u29_f2,kn,kn_mono_nat,oracle,True,True,True
u29_f2,kn,kn_mono_rom,raw,True,False,False
u29_f2,kn,kn_mono_rom,gloss,True,True,True
u29_f2,kn,kn_mono_rom,oracle,True,True,True
u18_f5,hi,en,raw,True,True,True
u18_f5,hi,en,gloss,True,True,True
u18_f5,hi,en,oracle,True,True,True
u18_f5,hi,hi_cm_rom,raw,True,True,True
u18_f5,hi,hi_cm_rom,gloss,True,True,True
u18_f5,hi,hi_cm_rom,oracle,True,True,True
u18_f5,hi,hi_cm_nat,raw,True,False,False
u18_f5,hi,hi_cm_nat,gloss,True,True,True
u18_f5,hi,hi_cm_nat,oracle,True,True,True
u18_f5,hi,hi_mono_nat,raw,True,False,False
u18_f5,hi,hi_mono_nat,gloss,True,True,True
u18_f5,hi,hi_mono_nat,oracle,True,True,True
u18_f5,hi,hi_mono_rom,raw,True,False,False
u18_f5,hi,hi_mono_rom,gloss,True,True,True
u18_f5,hi,hi_mono_rom,oracle,True,True,True
u18_f5,kn,kn_cm_rom,raw,True,False,False
u18_f5,kn,kn_cm_rom,gloss,True,True,True
u18_f5,kn,kn_cm_rom,oracle,True,True,True
u18_f5,kn,kn_cm_nat,raw,True,False,False
u18_f5,kn,kn_cm_nat,gloss,True,True,True
u18_f5,kn,kn_cm_nat,oracle,True,True,True
u18_f5,kn,kn_mono_nat,raw,True,False,False
u18_f5,kn,kn_mono_nat,gloss,True,True,True
u18_f5,kn,kn_mono_nat,oracle,True,True,True
u18_f5,kn,kn_mono_rom,raw,True,False,False
u18_f5,kn,kn_mono_rom,gloss,True,True,True
u18_f5,kn,kn_mono_rom,oracle,True,True,True
u12_f2,hi,en,raw,True,True,True
u12_f2,hi,en,gloss,True,True,True
u12_f2,hi,en,oracle,True,True,True
u12_f2,hi,hi_cm_rom,raw,True,False,False
u12_f2,hi,hi_cm_rom,gloss,True,True,True
u12_f2,hi,hi_cm_rom,oracle,True,True,True
u12_f2,hi,hi_cm_nat,raw,True,False,False
u12_f2,hi,hi_cm_nat,gloss,True,True,True
u12_f2,hi,hi_cm_nat,oracle,True,True,True
u12_f2,hi,hi_mono_nat,raw,True,False,False
u12_f2,hi,hi_mono_nat,gloss,True,True,True
u12_f2,hi,hi_mono_nat,oracle,True,True,True
u12_f2,hi,hi_mono_rom,raw,True,False,False
u12_f2,hi,hi_mono_rom,gloss,True,True,True
u12_f2,hi,hi_mono_rom,oracle,True,True,True
u12_f2,kn,kn_cm_rom,raw,True,False,False
u12_f2,kn,kn_cm_rom,gloss,True,True,True
u12_f2,kn,kn_cm_rom,oracle,True,True,True
u12_f2,kn,kn_cm_nat,raw,True,False,False
u12_f2,kn,kn_cm_nat,gloss,True,True,True
u12_f2,kn,kn_cm_nat,oracle,True,True,True
u12_f2,kn,kn_mono_nat,raw,True,False,False
u12_f2,kn,kn_mono_nat,gloss,True,True,True
u12_f2,kn,kn_mono_nat,oracle,True,True,True
u12_f2,kn,kn_mono_rom,raw,True,False,False
u12_f2,kn,kn_mono_rom,gloss,True,True,True
u12_f2,kn,kn_mono_rom,oracle,True,True,True
u06_f3,hi,en,raw,True,False,False
u06_f3,hi,en,gloss,True,False,False
u06_f3,hi,en,oracle,True,True,True
u06_f3,hi,hi_cm_rom,raw,True,False,False
u06_f3,hi,hi_cm_rom,gloss,True,False,False
u06_f3,hi,hi_cm_rom,oracle,True,True,True
u06_f3,hi,hi_cm_nat,raw,True,False,False
u06_f3,hi,hi_cm_nat,gloss,True,False,False
u06_f3,hi,hi_cm_nat,oracle,True,True,True
u06_f3,hi,hi_mono_nat,raw,True,False,False
u06_f3,hi,hi_mono_nat,gloss,True,False,False
u06_f3,hi,hi_mono_nat,oracle,True,True,True
u06_f3,hi,hi_mono_rom,raw,True,False,False
u06_f3,hi,hi_mono_rom,gloss,True,False,False
u06_f3,hi,hi_mono_rom,oracle,True,True,True
u06_f3,kn,kn_cm_rom,raw,True,False,False
u06_f3,kn,kn_cm_rom,gloss,True,False,False
u06_f3,kn,kn_cm_rom,oracle,True,True,True
u06_f3,kn,kn_cm_nat,raw,True,False,False
u06_f3,kn,kn_cm_nat,gloss,True,False,False
u06_f3,kn,kn_cm_nat,oracle,True,True,True
u06_f3,kn,kn_mono_nat,raw,True,False,False
u06_f3,kn,kn_mono_nat,gloss,True,False,False
u06_f3,kn,kn_mono_nat,oracle,True,True,True
u06_f3,kn,kn_mono_rom,raw,True,False,False
u06_f3,kn,kn_mono_rom,gloss,True,False,False
u06_f3,kn,kn_mono_rom,oracle,True,True,True
u36_f2,hi,en,raw,True,False,False
u36_f2,hi,en,gloss,True,False,False
u36_f2,hi,en,oracle,True,True,True
u36_f2,hi,hi_cm_rom,raw,True,False,False
u36_f2,hi,hi_cm_rom,gloss,True,False,False
u36_f2,hi,hi_cm_rom,oracle,True,True,True
u36_f2,hi,hi_cm_nat,raw,True,False,False
u36_f2,hi,hi_cm_nat,gloss,True,False,False
u36_f2,hi,hi_cm_nat,oracle,True,True,True
u36_f2,hi,hi_mono_nat,raw,True,False,False
u36_f2,hi,hi_mono_nat,gloss,True,False,False
u36_f2,hi,hi_mono_nat,oracle,True,True,True
u36_f2,hi,hi_mono_rom,raw,True,False,False
u36_f2,hi,hi_mono_rom,gloss,True,False,False
u36_f2,hi,hi_mono_rom,oracle,True,True,True
u36_f2,kn,kn_cm_rom,raw,True,False,False
u36_f2,kn,kn_cm_rom,gloss,True,False,False
u36_f2,kn,kn_cm_rom,oracle,True,True,True
u36_f2,kn,kn_cm_nat,raw,True,False,False
u36_f2,kn,kn_cm_nat,gloss,True,False,False
u36_f2,kn,kn_cm_nat,oracle,True,True,True
u36_f2,kn,kn_mono_nat,raw,True,False,False
u36_f2,kn,kn_mono_nat,gloss,True,False,False
u36_f2,kn,kn_mono_nat,oracle,True,True,True
u36_f2,kn,kn_mono_rom,raw,True,False,False
u36_f2,kn,kn_mono_rom,gloss,True,True,True
u36_f2,kn,kn_mono_rom,oracle,True,True,True
u01_f5,hi,en,raw,True,True,True
u01_f5,hi,en,gloss,True,False,False
u01_f5,hi,en,oracle,True,True,True
u01_f5,hi,hi_cm_rom,raw,True,False,False
u01_f5,hi,hi_cm_rom,gloss,True,False,False
u01_f5,hi,hi_cm_rom,oracle,True,True,True
u01_f5,hi,hi_cm_nat,raw,True,False,False
u01_f5,hi,hi_cm_nat,gloss,True,False,False
u01_f5,hi,hi_cm_nat,oracle,True,True,True
u01_f5,hi,hi_mono_nat,raw,True,False,False
u01_f5,hi,hi_mono_nat,gloss,True,False,False
u01_f5,hi,hi_mono_nat,oracle,True,True,True
u01_f5,hi,hi_mono_rom,raw,True,False,False
u01_f5,hi,hi_mono_rom,gloss,True,False,False
u01_f5,hi,hi_mono_rom,oracle,True,True,True
u01_f5,kn,kn_cm_rom,raw,True,False,False
u01_f5,kn,kn_cm_rom,gloss,True,False,False
u01_f5,kn,kn_cm_rom,oracle,True,True,True
u01_f5,kn,kn_cm_nat,raw,True,False,False
u01_f5,kn,kn_cm_nat,gloss,True,False,False
u01_f5,kn,kn_cm_nat,oracle,True,True,True
u01_f5,kn,kn_mono_nat,raw,True,False,False
u01_f5,kn,kn_mono_nat,gloss,True,True,True
u01_f5,kn,kn_mono_nat,oracle,True,True,True
u01_f5,kn,kn_mono_rom,raw,True,False,False
u01_f5,kn,kn_mono_rom,gloss,True,False,False
u01_f5,kn,kn_mono_rom,oracle,True,True,True
u26_f4,hi,en,raw,True,False,False
u26_f4,hi,en,gloss,True,False,False
u26_f4,hi,en,oracle,True,True,True
u26_f4,hi,hi_cm_rom,raw,True,False,False
u26_f4,hi,hi_cm_rom,gloss,True,False,False
u26_f4,hi,hi_cm_rom,oracle,True,True,True
u26_f4,hi,hi_cm_nat,raw,True,False,False
u26_f4,hi,hi_cm_nat,gloss,True,False,False
u26_f4,hi,hi_cm_nat,oracle,True,True,True
u26_f4,hi,hi_mono_nat,raw,True,False,False
u26_f4,hi,hi_mono_nat,gloss,True,False,False
u26_f4,hi,hi_mono_nat,oracle,True,True,True
u26_f4,hi,hi_mono_rom,raw,True,False,False
u26_f4,hi,hi_mono_rom,gloss,True,False,False
u26_f4,hi,hi_mono_rom,oracle,True,True,True
u26_f4,kn,kn_cm_rom,raw,True,False,False
u26_f4,kn,kn_cm_rom,gloss,True,False,False
u26_f4,kn,kn_cm_rom,oracle,True,True,True
u26_f4,kn,kn_cm_nat,raw,True,False,False
u26_f4,kn,kn_cm_nat,gloss,True,False,False
u26_f4,kn,kn_cm_nat,oracle,True,True,True
u26_f4,kn,kn_mono_nat,raw,True,False,False
u26_f4,kn,kn_mono_nat,gloss,True,False,False
u26_f4,kn,kn_mono_nat,oracle,True,True,True
u26_f4,kn,kn_mono_rom,raw,True,False,False
u26_f4,kn,kn_mono_rom,gloss,True,False,False
u26_f4,kn,kn_mono_rom,oracle,True,True,True
u32_f6,hi,en,raw,True,False,False
u32_f6,hi,en,gloss,True,False,False
u32_f6,hi,en,oracle,True,True,True
u32_f6,hi,hi_cm_rom,raw,True,False,False
u32_f6,hi,hi_cm_rom,gloss,True,False,False
u32_f6,hi,hi_cm_rom,oracle,True,True,True
u32_f6,hi,hi_cm_nat,raw,True,False,False
u32_f6,hi,hi_cm_nat,gloss,True,False,False
u32_f6,hi,hi_cm_nat,oracle,True,True,True
u32_f6,hi,hi_mono_nat,raw,True,False,False
u32_f6,hi,hi_mono_nat,gloss,True,False,False
u32_f6,hi,hi_mono_nat,oracle,True,True,True
u32_f6,hi,hi_mono_rom,raw,True,False,False
u32_f6,hi,hi_mono_rom,gloss,True,False,False
u32_f6,hi,hi_mono_rom,oracle,True,True,True
u32_f6,kn,kn_cm_rom,raw,True,False,False
u32_f6,kn,kn_cm_rom,gloss,True,False,False
u32_f6,kn,kn_cm_rom,oracle,True,True,True
u32_f6,kn,kn_cm_nat,raw,True,False,False
u32_f6,kn,kn_cm_nat,gloss,True,False,False
u32_f6,kn,kn_cm_nat,oracle,True,True,True
u32_f6,kn,kn_mono_nat,raw,True,False,False
u32_f6,kn,kn_mono_nat,gloss,True,False,False
u32_f6,kn,kn_mono_nat,oracle,True,True,True
u32_f6,kn,kn_mono_rom,raw,True,False,False
u32_f6,kn,kn_mono_rom,gloss,True,False,False
u32_f6,kn,kn_mono_rom,oracle,True,True,True
u10_f6,hi,en,raw,True,True,True
u10_f6,hi,en,gloss,True,True,True
u10_f6,hi,en,oracle,True,True,True
u10_f6,hi,hi_cm_rom,raw,True,False,False
u10_f6,hi,hi_cm_rom,gloss,True,True,True
u10_f6,hi,hi_cm_rom,oracle,True,True,True
u10_f6,hi,hi_cm_nat,raw,True,False,False
u10_f6,hi,hi_cm_nat,gloss,True,True,True
u10_f6,hi,hi_cm_nat,oracle,True,True,True
u10_f6,hi,hi_mono_nat,raw,True,False,False
u10_f6,hi,hi_mono_nat,gloss,True,True,True
u10_f6,hi,hi_mono_nat,oracle,True,True,True
u10_f6,hi,hi_mono_rom,raw,True,False,False
u10_f6,hi,hi_mono_rom,gloss,True,True,True
u10_f6,hi,hi_mono_rom,oracle,True,True,True
u10_f6,kn,kn_cm_rom,raw,True,False,False
u10_f6,kn,kn_cm_rom,gloss,True,False,False
u10_f6,kn,kn_cm_rom,oracle,True,True,True
u10_f6,kn,kn_cm_nat,raw,True,False,False
u10_f6,kn,kn_cm_nat,gloss,True,True,True
u10_f6,kn,kn_cm_nat,oracle,True,True,True
u10_f6,kn,kn_mono_nat,raw,True,False,False
u10_f6,kn,kn_mono_nat,gloss,True,True,True
u10_f6,kn,kn_mono_nat,oracle,True,True,True
u10_f6,kn,kn_mono_rom,raw,True,False,False
u10_f6,kn,kn_mono_rom,gloss,True,True,True
u10_f6,kn,kn_mono_rom,oracle,True,True,True
u39_f1,hi,en,raw,True,True,True
u39_f1,hi,en,gloss,True,True,True
u39_f1,hi,en,oracle,True,True,True
u39_f1,hi,hi_cm_rom,raw,True,False,False
u39_f1,hi,hi_cm_rom,gloss,True,True,True
u39_f1,hi,hi_cm_rom,oracle,True,True,True
u39_f1,hi,hi_cm_nat,raw,True,False,False
u39_f1,hi,hi_cm_nat,gloss,True,True,True
u39_f1,hi,hi_cm_nat,oracle,True,True,True
u39_f1,hi,hi_mono_nat,raw,True,False,False
u39_f1,hi,hi_mono_nat,gloss,True,True,True
u39_f1,hi,hi_mono_nat,oracle,True,True,True
u39_f1,hi,hi_mono_rom,raw,True,False,False
u39_f1,hi,hi_mono_rom,gloss,True,True,True
u39_f1,hi,hi_mono_rom,oracle,True,True,True
u39_f1,kn,kn_cm_rom,raw,True,False,False
u39_f1,kn,kn_cm_rom,gloss,True,True,True
u39_f1,kn,kn_cm_rom,oracle,True,True,True
u39_f1,kn,kn_cm_nat,raw,True,False,False
u39_f1,kn,kn_cm_nat,gloss,True,True,True
u39_f1,kn,kn_cm_nat,oracle,True,True,True
u39_f1,kn,kn_mono_nat,raw,True,False,False
u39_f1,kn,kn_mono_nat,gloss,True,False,False
u39_f1,kn,kn_mono_nat,oracle,True,True,True
u39_f1,kn,kn_mono_rom,raw,True,False,False
u39_f1,kn,kn_mono_rom,gloss,True,True,True
u39_f1,kn,kn_mono_rom,oracle,True,True,True
u02_f1,hi,en,raw,True,False,False
u02_f1,hi,en,gloss,True,False,False
u02_f1,hi,en,oracle,True,True,True
u02_f1,hi,hi_cm_rom,raw,True,False,False
u02_f1,hi,hi_cm_rom,gloss,True,False,False
u02_f1,hi,hi_cm_rom,oracle,True,True,True
u02_f1,hi,hi_cm_nat,raw,True,False,False
u02_f1,hi,hi_cm_nat,gloss,True,False,False
u02_f1,hi,hi_cm_nat,oracle,True,True,True
u02_f1,hi,hi_mono_nat,raw,True,False,False
u02_f1,hi,hi_mono_nat,gloss,True,False,False
u02_f1,hi,hi_mono_nat,oracle,True,True,True
u02_f1,hi,hi_mono_rom,raw,True,False,False
u02_f1,hi,hi_mono_rom,gloss,True,False,False
u02_f1,hi,hi_mono_rom,oracle,True,True,True
u02_f1,kn,kn_cm_rom,raw,True,False,False
u02_f1,kn,kn_cm_rom,gloss,True,False,False
u02_f1,kn,kn_cm_rom,oracle,True,True,True
u02_f1,kn,kn_cm_nat,raw,True,False,False
u02_f1,kn,kn_cm_nat,gloss,True,False,False
u02_f1,kn,kn_cm_nat,oracle,True,True,True
u02_f1,kn,kn_mono_nat,raw,True,False,False
u02_f1,kn,kn_mono_nat,gloss,True,False,False
u02_f1,kn,kn_mono_nat,oracle,True,True,True
u02_f1,kn,kn_mono_rom,raw,True,False,False
u02_f1,kn,kn_mono_rom,gloss,True,False,False
u02_f1,kn,kn_mono_rom,oracle,True,True,True
u35_f1,hi,en,raw,True,False,False
u35_f1,hi,en,gloss,True,False,False
u35_f1,hi,en,oracle,True,True,True
u35_f1,hi,hi_cm_rom,raw,True,False,False
u35_f1,hi,hi_cm_rom,gloss,True,False,False
u35_f1,hi,hi_cm_rom,oracle,True,True,True
u35_f1,hi,hi_cm_nat,raw,True,False,False
u35_f1,hi,hi_cm_nat,gloss,True,False,False
u35_f1,hi,hi_cm_nat,oracle,True,True,True
u35_f1,hi,hi_mono_nat,raw,True,False,False
u35_f1,hi,hi_mono_nat,gloss,True,False,False
u35_f1,hi,hi_mono_nat,oracle,True,True,True
u35_f1,hi,hi_mono_rom,raw,True,False,False
u35_f1,hi,hi_mono_rom,gloss,True,False,False
u35_f1,hi,hi_mono_rom,oracle,True,True,True
u35_f1,kn,kn_cm_rom,raw,True,False,False
u35_f1,kn,kn_cm_rom,gloss,True,False,False
u35_f1,kn,kn_cm_rom,oracle,True,True,True
u35_f1,kn,kn_cm_nat,raw,True,False,False
u35_f1,kn,kn_cm_nat,gloss,True,False,False
u35_f1,kn,kn_cm_nat,oracle,True,True,True
u35_f1,kn,kn_mono_nat,raw,True,False,False
u35_f1,kn,kn_mono_nat,gloss,True,False,False
u35_f1,kn,kn_mono_nat,oracle,True,True,True
u35_f1,kn,kn_mono_rom,raw,True,False,False
u35_f1,kn,kn_mono_rom,gloss,True,False,False
u35_f1,kn,kn_mono_rom,oracle,True,True,True
u05_f2,hi,en,raw,True,True,True
u05_f2,hi,en,gloss,True,True,True
u05_f2,hi,en,oracle,True,True,True
u05_f2,hi,hi_cm_rom,raw,True,False,False
u05_f2,hi,hi_cm_rom,gloss,True,False,False
u05_f2,hi,hi_cm_rom,oracle,True,True,True
u05_f2,hi,hi_cm_nat,raw,True,False,False
u05_f2,hi,hi_cm_nat,gloss,True,True,True
u05_f2,hi,hi_cm_nat,oracle,True,True,True
u05_f2,hi,hi_mono_nat,raw,True,False,False
u05_f2,hi,hi_mono_nat,gloss,True,True,True
u05_f2,hi,hi_mono_nat,oracle,True,True,True
u05_f2,hi,hi_mono_rom,raw,True,False,False
u05_f2,hi,hi_mono_rom,gloss,True,True,True
u05_f2,hi,hi_mono_rom,oracle,True,True,True
u05_f2,kn,kn_cm_rom,raw,True,False,False
u05_f2,kn,kn_cm_rom,gloss,True,True,True
u05_f2,kn,kn_cm_rom,oracle,True,True,True
u05_f2,kn,kn_cm_nat,raw,True,False,False
u05_f2,kn,kn_cm_nat,gloss,True,True,True
u05_f2,kn,kn_cm_nat,oracle,True,True,True
u05_f2,kn,kn_mono_nat,raw,True,False,False
u05_f2,kn,kn_mono_nat,gloss,True,False,False
u05_f2,kn,kn_mono_nat,oracle,True,True,True
u05_f2,kn,kn_mono_rom,raw,True,False,False
u05_f2,kn,kn_mono_rom,gloss,True,False,False
u05_f2,kn,kn_mono_rom,oracle,True,True,True
u02_f6,hi,en,raw,True,True,True
u02_f6,hi,en,gloss,True,True,True
u02_f6,hi,en,oracle,True,True,True
u02_f6,hi,hi_cm_rom,raw,True,False,False
u02_f6,hi,hi_cm_rom,gloss,True,True,True
u02_f6,hi,hi_cm_rom,oracle,True,True,True
u02_f6,hi,hi_cm_nat,raw,True,False,False
u02_f6,hi,hi_cm_nat,gloss,True,True,True
u02_f6,hi,hi_cm_nat,oracle,True,True,True
u02_f6,hi,hi_mono_nat,raw,True,True,True
u02_f6,hi,hi_mono_nat,gloss,True,True,True
u02_f6,hi,hi_mono_nat,oracle,True,True,True
u02_f6,hi,hi_mono_rom,raw,True,False,False
u02_f6,hi,hi_mono_rom,gloss,True,True,True
u02_f6,hi,hi_mono_rom,oracle,True,True,True
u02_f6,kn,kn_cm_rom,raw,True,False,False
u02_f6,kn,kn_cm_rom,gloss,True,True,True
u02_f6,kn,kn_cm_rom,oracle,True,True,True
u02_f6,kn,kn_cm_nat,raw,True,False,False
u02_f6,kn,kn_cm_nat,gloss,True,True,True
u02_f6,kn,kn_cm_nat,oracle,True,True,True
u02_f6,kn,kn_mono_nat,raw,True,False,False
u02_f6,kn,kn_mono_nat,gloss,True,True,True
u02_f6,kn,kn_mono_nat,oracle,True,True,True
u02_f6,kn,kn_mono_rom,raw,True,False,False
u02_f6,kn,kn_mono_rom,gloss,True,False,True
u02_f6,kn,kn_mono_rom,oracle,True,False,True
u39_f6,hi,en,raw,True,True,True
u39_f6,hi,en,gloss,True,True,True
u39_f6,hi,en,oracle,True,True,True
u39_f6,hi,hi_cm_rom,raw,True,False,False
u39_f6,hi,hi_cm_rom,gloss,True,True,True
u39_f6,hi,hi_cm_rom,oracle,True,True,True
u39_f6,hi,hi_cm_nat,raw,True,True,True
u39_f6,hi,hi_cm_nat,gloss,True,True,True
u39_f6,hi,hi_cm_nat,oracle,True,True,True
u39_f6,hi,hi_mono_nat,raw,True,True,True
u39_f6,hi,hi_mono_nat,gloss,True,True,True
u39_f6,hi,hi_mono_nat,oracle,True,True,True
u39_f6,hi,hi_mono_rom,raw,True,False,False
u39_f6,hi,hi_mono_rom,gloss,True,True,True
u39_f6,hi,hi_mono_rom,oracle,True,True,True
u39_f6,kn,kn_cm_rom,raw,True,False,False
u39_f6,kn,kn_cm_rom,gloss,True,True,True
u39_f6,kn,kn_cm_rom,oracle,True,True,True
u39_f6,kn,kn_cm_nat,raw,True,False,False
u39_f6,kn,kn_cm_nat,gloss,True,True,True
u39_f6,kn,kn_cm_nat,oracle,True,True,True
u39_f6,kn,kn_mono_nat,raw,True,True,True
u39_f6,kn,kn_mono_nat,gloss,True,True,True
u39_f6,kn,kn_mono_nat,oracle,True,True,True
u39_f6,kn,kn_mono_rom,raw,True,False,False
u39_f6,kn,kn_mono_rom,gloss,True,False,True
u39_f6,kn,kn_mono_rom,oracle,True,True,True
u14_f1,hi,en,raw,True,False,False
u14_f1,hi,en,gloss,True,False,False
u14_f1,hi,en,oracle,True,True,True
u14_f1,hi,hi_cm_rom,raw,True,False,False
u14_f1,hi,hi_cm_rom,gloss,True,False,False
u14_f1,hi,hi_cm_rom,oracle,True,True,True
u14_f1,hi,hi_cm_nat,raw,True,False,False
u14_f1,hi,hi_cm_nat,gloss,True,False,False
u14_f1,hi,hi_cm_nat,oracle,True,True,True
u14_f1,hi,hi_mono_nat,raw,True,False,False
u14_f1,hi,hi_mono_nat,gloss,True,False,False
u14_f1,hi,hi_mono_nat,oracle,True,True,True
u14_f1,hi,hi_mono_rom,raw,True,False,False
u14_f1,hi,hi_mono_rom,gloss,True,False,False
u14_f1,hi,hi_mono_rom,oracle,True,True,True
u14_f1,kn,kn_cm_rom,raw,True,False,False
u14_f1,kn,kn_cm_rom,gloss,True,False,False
u14_f1,kn,kn_cm_rom,oracle,True,True,True
u14_f1,kn,kn_cm_nat,raw,True,False,False
u14_f1,kn,kn_cm_nat,gloss,True,False,False
u14_f1,kn,kn_cm_nat,oracle,True,True,True
u14_f1,kn,kn_mono_nat,raw,True,False,False
u14_f1,kn,kn_mono_nat,gloss,True,False,False
u14_f1,kn,kn_mono_nat,oracle,True,True,True
u14_f1,kn,kn_mono_rom,raw,True,False,False
u14_f1,kn,kn_mono_rom,gloss,True,False,False
u14_f1,kn,kn_mono_rom,oracle,True,True,True
u40_f2,hi,en,raw,True,False,False
u40_f2,hi,en,gloss,True,False,False
u40_f2,hi,en,oracle,True,True,True
u40_f2,hi,hi_cm_rom,raw,True,False,False
u40_f2,hi,hi_cm_rom,gloss,True,False,False
u40_f2,hi,hi_cm_rom,oracle,True,True,True
u40_f2,hi,hi_cm_nat,raw,True,False,False
u40_f2,hi,hi_cm_nat,gloss,True,False,False
u40_f2,hi,hi_cm_nat,oracle,True,True,True
u40_f2,hi,hi_mono_nat,raw,True,False,False
u40_f2,hi,hi_mono_nat,gloss,True,False,False
u40_f2,hi,hi_mono_nat,oracle,True,True,True
u40_f2,hi,hi_mono_rom,raw,True,False,False
u40_f2,hi,hi_mono_rom,gloss,True,False,False
u40_f2,hi,hi_mono_rom,oracle,True,True,True
u40_f2,kn,kn_cm_rom,raw,True,False,False
u40_f2,kn,kn_cm_rom,gloss,True,False,False
u40_f2,kn,kn_cm_rom,oracle,True,True,True
u40_f2,kn,kn_cm_nat,raw,True,False,False
u40_f2,kn,kn_cm_nat,gloss,True,False,False
u40_f2,kn,kn_cm_nat,oracle,True,True,True
u40_f2,kn,kn_mono_nat,raw,True,False,False
u40_f2,kn,kn_mono_nat,gloss,True,False,False
u40_f2,kn,kn_mono_nat,oracle,True,True,True
u40_f2,kn,kn_mono_rom,raw,True,False,False
u40_f2,kn,kn_mono_rom,gloss,True,False,False
u40_f2,kn,kn_mono_rom,oracle,True,True,True
u38_f5,hi,en,raw,True,True,True
u38_f5,hi,en,gloss,True,True,True
u38_f5,hi,en,oracle,True,True,True
u38_f5,hi,hi_cm_rom,raw,True,True,True
u38_f5,hi,hi_cm_rom,gloss,True,True,True
u38_f5,hi,hi_cm_rom,oracle,True,True,True
u38_f5,hi,hi_cm_nat,raw,True,True,True
u38_f5,hi,hi_cm_nat,gloss,True,True,True
u38_f5,hi,hi_cm_nat,oracle,True,True,True
u38_f5,hi,hi_mono_nat,raw,True,True,True
u38_f5,hi,hi_mono_nat,gloss,True,True,True
u38_f5,hi,hi_mono_nat,oracle,True,True,True
u38_f5,hi,hi_mono_rom,raw,True,False,False
u38_f5,hi,hi_mono_rom,gloss,True,False,False
u38_f5,hi,hi_mono_rom,oracle,True,True,True
u38_f5,kn,kn_cm_rom,raw,True,False,False
u38_f5,kn,kn_cm_rom,gloss,True,False,True
u38_f5,kn,kn_cm_rom,oracle,True,True,True
u38_f5,kn,kn_cm_nat,raw,True,False,False
u38_f5,kn,kn_cm_nat,gloss,True,True,True
u38_f5,kn,kn_cm_nat,oracle,True,True,True
u38_f5,kn,kn_mono_nat,raw,True,True,True
u38_f5,kn,kn_mono_nat,gloss,True,True,True
u38_f5,kn,kn_mono_nat,oracle,True,True,True
u38_f5,kn,kn_mono_rom,raw,True,False,False
u38_f5,kn,kn_mono_rom,gloss,True,True,True
u38_f5,kn,kn_mono_rom,oracle,True,True,True
u03_f3,hi,en,raw,True,True,True
u03_f3,hi,en,gloss,True,True,True
u03_f3,hi,en,oracle,True,True,True
u03_f3,hi,hi_cm_rom,raw,True,False,False
u03_f3,hi,hi_cm_rom,gloss,True,True,True
u03_f3,hi,hi_cm_rom,oracle,True,True,True
u03_f3,hi,hi_cm_nat,raw,True,True,True
u03_f3,hi,hi_cm_nat,gloss,True,True,True
u03_f3,hi,hi_cm_nat,oracle,True,True,True
u03_f3,hi,hi_mono_nat,raw,True,True,True
u03_f3,hi,hi_mono_nat,gloss,True,True,True
u03_f3,hi,hi_mono_nat,oracle,True,True,True
u03_f3,hi,hi_mono_rom,raw,True,False,False
u03_f3,hi,hi_mono_rom,gloss,True,True,True
u03_f3,hi,hi_mono_rom,oracle,True,True,True
u03_f3,kn,kn_cm_rom,raw,True,True,True
u03_f3,kn,kn_cm_rom,gloss,True,True,True
u03_f3,kn,kn_cm_rom,oracle,True,True,True
u03_f3,kn,kn_cm_nat,raw,True,True,True
u03_f3,kn,kn_cm_nat,gloss,True,True,True
u03_f3,kn,kn_cm_nat,oracle,True,True,True
u03_f3,kn,kn_mono_nat,raw,True,True,True
u03_f3,kn,kn_mono_nat,gloss,True,True,True
u03_f3,kn,kn_mono_nat,oracle,True,True,True
u03_f3,kn,kn_mono_rom,raw,True,False,False
u03_f3,kn,kn_mono_rom,gloss,True,True,True
u03_f3,kn,kn_mono_rom,oracle,True,True,True
u31_f3,hi,en,raw,True,True,True
u31_f3,hi,en,gloss,True,True,True
u31_f3,hi,en,oracle,True,True,True
u31_f3,hi,hi_cm_rom,raw,True,True,True
u31_f3,hi,hi_cm_rom,gloss,True,True,True
u31_f3,hi,hi_cm_rom,oracle,True,True,True
u31_f3,hi,hi_cm_nat,raw,True,False,False
u31_f3,hi,hi_cm_nat,gloss,True,True,True
u31_f3,hi,hi_cm_nat,oracle,True,True,True
u31_f3,hi,hi_mono_nat,raw,True,False,False
u31_f3,hi,hi_mono_nat,gloss,True,True,True
u31_f3,hi,hi_mono_nat,oracle,True,True,True
u31_f3,hi,hi_mono_rom,raw,True,False,False
u31_f3,hi,hi_mono_rom,gloss,True,True,True
u31_f3,hi,hi_mono_rom,oracle,True,True,True
u31_f3,kn,kn_cm_rom,raw,True,False,False
u31_f3,kn,kn_cm_rom,gloss,True,True,True
u31_f3,kn,kn_cm_rom,oracle,True,True,True
u31_f3,kn,kn_cm_nat,raw,True,False,False
u31_f3,kn,kn_cm_nat,gloss,True,False,False
u31_f3,kn,kn_cm_nat,oracle,True,True,True
u31_f3,kn,kn_mono_nat,raw,True,False,False
u31_f3,kn,kn_mono_nat,gloss,True,True,True
u31_f3,kn,kn_mono_nat,oracle,True,True,True
u31_f3,kn,kn_mono_rom,raw,True,False,False
u31_f3,kn,kn_mono_rom,gloss,True,True,True
u31_f3,kn,kn_mono_rom,oracle,True,True,True
u23_f2,hi,en,raw,True,True,True
u23_f2,hi,en,gloss,True,True,True
u23_f2,hi,en,oracle,True,True,True
u23_f2,hi,hi_cm_rom,raw,True,False,False
u23_f2,hi,hi_cm_rom,gloss,True,False,False
u23_f2,hi,hi_cm_rom,oracle,True,True,True
u23_f2,hi,hi_cm_nat,raw,True,False,False
u23_f2,hi,hi_cm_nat,gloss,True,True,True
u23_f2,hi,hi_cm_nat,oracle,True,True,True
u23_f2,hi,hi_mono_nat,raw,True,False,False
u23_f2,hi,hi_mono_nat,gloss,True,True,True
u23_f2,hi,hi_mono_nat,oracle,True,True,True
u23_f2,hi,hi_mono_rom,raw,True,False,False
u23_f2,hi,hi_mono_rom,gloss,True,True,True
u23_f2,hi,hi_mono_rom,oracle,True,True,True
u23_f2,kn,kn_cm_rom,raw,True,False,False
u23_f2,kn,kn_cm_rom,gloss,True,True,True
u23_f2,kn,kn_cm_rom,oracle,True,True,True
u23_f2,kn,kn_cm_nat,raw,True,False,False
u23_f2,kn,kn_cm_nat,gloss,True,True,True
u23_f2,kn,kn_cm_nat,oracle,True,True,True
u23_f2,kn,kn_mono_nat,raw,True,False,False
u23_f2,kn,kn_mono_nat,gloss,True,False,True
u23_f2,kn,kn_mono_nat,oracle,True,True,True
u23_f2,kn,kn_mono_rom,raw,True,False,False
u23_f2,kn,kn_mono_rom,gloss,True,False,True
u23_f2,kn,kn_mono_rom,oracle,True,False,True
u32_f1,hi,en,raw,True,True,True
u32_f1,hi,en,gloss,True,True,True
u32_f1,hi,en,oracle,True,True,True
u32_f1,hi,hi_cm_rom,raw,True,False,False
u32_f1,hi,hi_cm_rom,gloss,True,True,True
u32_f1,hi,hi_cm_rom,oracle,True,True,True
u32_f1,hi,hi_cm_nat,raw,True,False,False
u32_f1,hi,hi_cm_nat,gloss,True,True,True
u32_f1,hi,hi_cm_nat,oracle,True,True,True
u32_f1,hi,hi_mono_nat,raw,True,False,False
u32_f1,hi,hi_mono_nat,gloss,True,True,True
u32_f1,hi,hi_mono_nat,oracle,True,True,True
u32_f1,hi,hi_mono_rom,raw,True,False,False
u32_f1,hi,hi_mono_rom,gloss,True,True,True
u32_f1,hi,hi_mono_rom,oracle,True,True,True
u32_f1,kn,kn_cm_rom,raw,True,False,False
u32_f1,kn,kn_cm_rom,gloss,True,True,True
u32_f1,kn,kn_cm_rom,oracle,True,True,True
u32_f1,kn,kn_cm_nat,raw,True,False,False
u32_f1,kn,kn_cm_nat,gloss,True,True,True
u32_f1,kn,kn_cm_nat,oracle,True,True,True
u32_f1,kn,kn_mono_nat,raw,True,False,False
u32_f1,kn,kn_mono_nat,gloss,True,True,True
u32_f1,kn,kn_mono_nat,oracle,True,True,True
u32_f1,kn,kn_mono_rom,raw,True,False,False
u32_f1,kn,kn_mono_rom,gloss,True,True,True
u32_f1,kn,kn_mono_rom,oracle,True,False,True
u16_f3,hi,en,raw,True,True,True
u16_f3,hi,en,gloss,True,True,True
u16_f3,hi,en,oracle,True,True,True
u16_f3,hi,hi_cm_rom,raw,True,True,True
u16_f3,hi,hi_cm_rom,gloss,True,True,True
u16_f3,hi,hi_cm_rom,oracle,True,True,True
u16_f3,hi,hi_cm_nat,raw,True,True,True
u16_f3,hi,hi_cm_nat,gloss,True,True,True
u16_f3,hi,hi_cm_nat,oracle,True,True,True
u16_f3,hi,hi_mono_nat,raw,True,True,True
u16_f3,hi,hi_mono_nat,gloss,True,True,True
u16_f3,hi,hi_mono_nat,oracle,True,True,True
u16_f3,hi,hi_mono_rom,raw,True,False,False
u16_f3,hi,hi_mono_rom,gloss,True,False,False
u16_f3,hi,hi_mono_rom,oracle,True,True,True
u16_f3,kn,kn_cm_rom,raw,True,True,True
u16_f3,kn,kn_cm_rom,gloss,True,True,True
u16_f3,kn,kn_cm_rom,oracle,True,True,True
u16_f3,kn,kn_cm_nat,raw,True,False,False
u16_f3,kn,kn_cm_nat,gloss,True,True,True
u16_f3,kn,kn_cm_nat,oracle,True,True,True
u16_f3,kn,kn_mono_nat,raw,True,False,False
u16_f3,kn,kn_mono_nat,gloss,True,True,True
u16_f3,kn,kn_mono_nat,oracle,True,True,True
u16_f3,kn,kn_mono_rom,raw,True,False,False
u16_f3,kn,kn_mono_rom,gloss,True,True,True
u16_f3,kn,kn_mono_rom,oracle,True,True,True
u35_f2,hi,en,raw,True,True,True
u35_f2,hi,en,gloss,True,True,True
u35_f2,hi,en,oracle,True,True,True
u35_f2,hi,hi_cm_rom,raw,True,False,False
u35_f2,hi,hi_cm_rom,gloss,True,True,True
u35_f2,hi,hi_cm_rom,oracle,True,True,True
u35_f2,hi,hi_cm_nat,raw,True,True,True
u35_f2,hi,hi_cm_nat,gloss,True,True,True
u35_f2,hi,hi_cm_nat,oracle,True,True,True
u35_f2,hi,hi_mono_nat,raw,True,False,False
u35_f2,hi,hi_mono_nat,gloss,True,True,True
u35_f2,hi,hi_mono_nat,oracle,True,True,True
u35_f2,hi,hi_mono_rom,raw,True,False,False
u35_f2,hi,hi_mono_rom,gloss,True,True,True
u35_f2,hi,hi_mono_rom,oracle,True,True,True
u35_f2,kn,kn_cm_rom,raw,True,False,False
u35_f2,kn,kn_cm_rom,gloss,True,True,True
u35_f2,kn,kn_cm_rom,oracle,True,True,True
u35_f2,kn,kn_cm_nat,raw,True,False,False
u35_f2,kn,kn_cm_nat,gloss,True,True,True
u35_f2,kn,kn_cm_nat,oracle,True,True,True
u35_f2,kn,kn_mono_nat,raw,True,False,False
u35_f2,kn,kn_mono_nat,gloss,True,True,True
u35_f2,kn,kn_mono_nat,oracle,True,True,True
u35_f2,kn,kn_mono_rom,raw,True,False,False
u35_f2,kn,kn_mono_rom,gloss,True,True,True
u35_f2,kn,kn_mono_rom,oracle,True,True,True
u16_f2,hi,en,raw,True,True,True
u16_f2,hi,en,gloss,True,True,True
u16_f2,hi,en,oracle,True,True,True
u16_f2,hi,hi_cm_rom,raw,True,True,True
u16_f2,hi,hi_cm_rom,gloss,True,True,True
u16_f2,hi,hi_cm_rom,oracle,True,True,True
u16_f2,hi,hi_cm_nat,raw,True,False,False
u16_f2,hi,hi_cm_nat,gloss,True,True,True
u16_f2,hi,hi_cm_nat,oracle,True,True,True
u16_f2,hi,hi_mono_nat,raw,True,False,False
u16_f2,hi,hi_mono_nat,gloss,True,True,True
u16_f2,hi,hi_mono_nat,oracle,True,True,True
u16_f2,hi,hi_mono_rom,raw,True,False,False
u16_f2,hi,hi_mono_rom,gloss,True,True,True
u16_f2,hi,hi_mono_rom,oracle,True,True,True
u16_f2,kn,kn_cm_rom,raw,True,True,True
u16_f2,kn,kn_cm_rom,gloss,True,True,True
u16_f2,kn,kn_cm_rom,oracle,True,True,True
u16_f2,kn,kn_cm_nat,raw,True,False,False
u16_f2,kn,kn_cm_nat,gloss,True,True,True
u16_f2,kn,kn_cm_nat,oracle,True,False,True
u16_f2,kn,kn_mono_nat,raw,True,False,False
u16_f2,kn,kn_mono_nat,gloss,True,True,True
u16_f2,kn,kn_mono_nat,oracle,True,True,True
u16_f2,kn,kn_mono_rom,raw,True,False,False
u16_f2,kn,kn_mono_rom,gloss,True,True,True
u16_f2,kn,kn_mono_rom,oracle,True,True,True
u20_f6,hi,en,raw,True,True,True
u20_f6,hi,en,gloss,True,True,True
u20_f6,hi,en,oracle,True,True,True
u20_f6,hi,hi_cm_rom,raw,True,False,False
u20_f6,hi,hi_cm_rom,gloss,True,True,True
u20_f6,hi,hi_cm_rom,oracle,True,True,True
u20_f6,hi,hi_cm_nat,raw,True,False,False
u20_f6,hi,hi_cm_nat,gloss,True,True,True
u20_f6,hi,hi_cm_nat,oracle,True,True,True
u20_f6,hi,hi_mono_nat,raw,True,False,False
u20_f6,hi,hi_mono_nat,gloss,True,True,True
u20_f6,hi,hi_mono_nat,oracle,True,True,True
u20_f6,hi,hi_mono_rom,raw,True,False,False
u20_f6,hi,hi_mono_rom,gloss,True,False,False
u20_f6,hi,hi_mono_rom,oracle,True,True,True
u20_f6,kn,kn_cm_rom,raw,True,False,False
u20_f6,kn,kn_cm_rom,gloss,True,True,True
u20_f6,kn,kn_cm_rom,oracle,True,True,True
u20_f6,kn,kn_cm_nat,raw,True,False,False
u20_f6,kn,kn_cm_nat,gloss,True,False,False
u20_f6,kn,kn_cm_nat,oracle,True,True,True
u20_f6,kn,kn_mono_nat,raw,True,False,False
u20_f6,kn,kn_mono_nat,gloss,True,False,False
u20_f6,kn,kn_mono_nat,oracle,True,True,True
u20_f6,kn,kn_mono_rom,raw,True,False,False
u20_f6,kn,kn_mono_rom,gloss,True,False,False
u20_f6,kn,kn_mono_rom,oracle,True,True,True
u29_f6,hi,en,raw,True,False,False
u29_f6,hi,en,gloss,True,False,False
u29_f6,hi,en,oracle,True,True,True
u29_f6,hi,hi_cm_rom,raw,True,False,False
u29_f6,hi,hi_cm_rom,gloss,True,True,True
u29_f6,hi,hi_cm_rom,oracle,True,True,True
u29_f6,hi,hi_cm_nat,raw,True,False,False
u29_f6,hi,hi_cm_nat,gloss,True,False,False
u29_f6,hi,hi_cm_nat,oracle,True,True,True
u29_f6,hi,hi_mono_nat,raw,True,False,False
u29_f6,hi,hi_mono_nat,gloss,True,True,True
u29_f6,hi,hi_mono_nat,oracle,True,True,True
u29_f6,hi,hi_mono_rom,raw,True,False,False
u29_f6,hi,hi_mono_rom,gloss,True,True,True
u29_f6,hi,hi_mono_rom,oracle,True,True,True
u29_f6,kn,kn_cm_rom,raw,True,False,False
u29_f6,kn,kn_cm_rom,gloss,True,True,True
u29_f6,kn,kn_cm_rom,oracle,True,True,True
u29_f6,kn,kn_cm_nat,raw,True,False,False
u29_f6,kn,kn_cm_nat,gloss,True,True,True
u29_f6,kn,kn_cm_nat,oracle,True,True,True
u29_f6,kn,kn_mono_nat,raw,True,False,False
u29_f6,kn,kn_mono_nat,gloss,True,False,False
u29_f6,kn,kn_mono_nat,oracle,True,True,True
u29_f6,kn,kn_mono_rom,raw,True,False,False
u29_f6,kn,kn_mono_rom,gloss,True,False,True
u29_f6,kn,kn_mono_rom,oracle,True,False,True
u04_f2,hi,en,raw,True,True,True
u04_f2,hi,en,gloss,True,True,True
u04_f2,hi,en,oracle,True,True,True
u04_f2,hi,hi_cm_rom,raw,True,True,True
u04_f2,hi,hi_cm_rom,gloss,True,True,True
u04_f2,hi,hi_cm_rom,oracle,True,True,True
u04_f2,hi,hi_cm_nat,raw,True,True,True
u04_f2,hi,hi_cm_nat,gloss,True,True,True
u04_f2,hi,hi_cm_nat,oracle,True,True,True
u04_f2,hi,hi_mono_nat,raw,True,False,False
u04_f2,hi,hi_mono_nat,gloss,True,True,True
u04_f2,hi,hi_mono_nat,oracle,True,True,True
u04_f2,hi,hi_mono_rom,raw,True,False,False
u04_f2,hi,hi_mono_rom,gloss,True,True,True
u04_f2,hi,hi_mono_rom,oracle,True,True,True
u04_f2,kn,kn_cm_rom,raw,True,True,True
u04_f2,kn,kn_cm_rom,gloss,True,True,True
u04_f2,kn,kn_cm_rom,oracle,True,True,True
u04_f2,kn,kn_cm_nat,raw,True,True,True
u04_f2,kn,kn_cm_nat,gloss,True,True,True
u04_f2,kn,kn_cm_nat,oracle,True,True,True
u04_f2,kn,kn_mono_nat,raw,True,False,False
u04_f2,kn,kn_mono_nat,gloss,True,True,True
u04_f2,kn,kn_mono_nat,oracle,True,True,True
u04_f2,kn,kn_mono_rom,raw,True,False,False
u04_f2,kn,kn_mono_rom,gloss,True,True,True
u04_f2,kn,kn_mono_rom,oracle,True,True,True
u06_f1,hi,en,raw,True,True,True
u06_f1,hi,en,gloss,True,True,True
u06_f1,hi,en,oracle,True,True,True
u06_f1,hi,hi_cm_rom,raw,True,False,False
u06_f1,hi,hi_cm_rom,gloss,True,True,True
u06_f1,hi,hi_cm_rom,oracle,True,True,True
u06_f1,hi,hi_cm_nat,raw,True,False,False
u06_f1,hi,hi_cm_nat,gloss,True,True,True
u06_f1,hi,hi_cm_nat,oracle,True,True,True
u06_f1,hi,hi_mono_nat,raw,True,False,False
u06_f1,hi,hi_mono_nat,gloss,True,True,True
u06_f1,hi,hi_mono_nat,oracle,True,True,True
u06_f1,hi,hi_mono_rom,raw,True,False,False
u06_f1,hi,hi_mono_rom,gloss,True,True,True
u06_f1,hi,hi_mono_rom,oracle,True,True,True
u06_f1,kn,kn_cm_rom,raw,True,False,False
u06_f1,kn,kn_cm_rom,gloss,True,False,False
u06_f1,kn,kn_cm_rom,oracle,True,True,True
u06_f1,kn,kn_cm_nat,raw,True,False,False
u06_f1,kn,kn_cm_nat,gloss,True,True,True
u06_f1,kn,kn_cm_nat,oracle,True,True,True
u06_f1,kn,kn_mono_nat,raw,True,False,False
u06_f1,kn,kn_mono_nat,gloss,True,True,True
u06_f1,kn,kn_mono_nat,oracle,True,True,True
u06_f1,kn,kn_mono_rom,raw,True,False,False
u06_f1,kn,kn_mono_rom,gloss,True,False,False
u06_f1,kn,kn_mono_rom,oracle,True,True,True
u32_f4,hi,en,raw,True,True,True
u32_f4,hi,en,gloss,True,True,True
u32_f4,hi,en,oracle,True,True,True
u32_f4,hi,hi_cm_rom,raw,True,False,False
u32_f4,hi,hi_cm_rom,gloss,True,True,True
u32_f4,hi,hi_cm_rom,oracle,True,True,True
u32_f4,hi,hi_cm_nat,raw,True,False,False
u32_f4,hi,hi_cm_nat,gloss,True,True,True
u32_f4,hi,hi_cm_nat,oracle,True,True,True
u32_f4,hi,hi_mono_nat,raw,True,False,False
u32_f4,hi,hi_mono_nat,gloss,True,True,True
u32_f4,hi,hi_mono_nat,oracle,True,True,True
u32_f4,hi,hi_mono_rom,raw,True,False,False
u32_f4,hi,hi_mono_rom,gloss,True,True,True
u32_f4,hi,hi_mono_rom,oracle,True,True,True
u32_f4,kn,kn_cm_rom,raw,True,False,False
u32_f4,kn,kn_cm_rom,gloss,True,True,True
u32_f4,kn,kn_cm_rom,oracle,True,True,True
u32_f4,kn,kn_cm_nat,raw,True,False,False
u32_f4,kn,kn_cm_nat,gloss,True,True,True
u32_f4,kn,kn_cm_nat,oracle,True,True,True
u32_f4,kn,kn_mono_nat,raw,True,False,False
u32_f4,kn,kn_mono_nat,gloss,True,True,True
u32_f4,kn,kn_mono_nat,oracle,True,True,True
u32_f4,kn,kn_mono_rom,raw,True,False,False
u32_f4,kn,kn_mono_rom,gloss,True,True,True
u32_f4,kn,kn_mono_rom,oracle,True,True,True
u19_f4,hi,en,raw,True,True,True
u19_f4,hi,en,gloss,True,True,True
u19_f4,hi,en,oracle,True,True,True
u19_f4,hi,hi_cm_rom,raw,True,True,True
u19_f4,hi,hi_cm_rom,gloss,True,True,True
u19_f4,hi,hi_cm_rom,oracle,True,True,True
u19_f4,hi,hi_cm_nat,raw,True,False,False
u19_f4,hi,hi_cm_nat,gloss,True,True,True
u19_f4,hi,hi_cm_nat,oracle,True,True,True
u19_f4,hi,hi_mono_nat,raw,True,False,False
u19_f4,hi,hi_mono_nat,gloss,True,True,True
u19_f4,hi,hi_mono_nat,oracle,True,True,True
u19_f4,hi,hi_mono_rom,raw,True,False,False
u19_f4,hi,hi_mono_rom,gloss,True,True,True
u19_f4,hi,hi_mono_rom,oracle,True,True,True
u19_f4,kn,kn_cm_rom,raw,True,False,False
u19_f4,kn,kn_cm_rom,gloss,True,True,True
u19_f4,kn,kn_cm_rom,oracle,True,True,True
u19_f4,kn,kn_cm_nat,raw,True,False,False
u19_f4,kn,kn_cm_nat,gloss,True,True,True
u19_f4,kn,kn_cm_nat,oracle,True,True,True
u19_f4,kn,kn_mono_nat,raw,True,False,False
u19_f4,kn,kn_mono_nat,gloss,True,True,True
u19_f4,kn,kn_mono_nat,oracle,True,True,True
u19_f4,kn,kn_mono_rom,raw,True,False,False
u19_f4,kn,kn_mono_rom,gloss,True,False,False
u19_f4,kn,kn_mono_rom,oracle,True,True,True
u25_f4,hi,en,raw,True,True,True
u25_f4,hi,en,gloss,True,True,True
u25_f4,hi,en,oracle,True,True,True
u25_f4,hi,hi_cm_rom,raw,True,True,True
u25_f4,hi,hi_cm_rom,gloss,True,True,True
u25_f4,hi,hi_cm_rom,oracle,True,True,True
u25_f4,hi,hi_cm_nat,raw,True,True,True
u25_f4,hi,hi_cm_nat,gloss,True,True,True
u25_f4,hi,hi_cm_nat,oracle,True,True,True
u25_f4,hi,hi_mono_nat,raw,True,True,True
u25_f4,hi,hi_mono_nat,gloss,True,True,True
u25_f4,hi,hi_mono_nat,oracle,True,True,True
u25_f4,hi,hi_mono_rom,raw,True,False,False
u25_f4,hi,hi_mono_rom,gloss,True,True,True
u25_f4,hi,hi_mono_rom,oracle,True,True,True
u25_f4,kn,kn_cm_rom,raw,True,False,False
u25_f4,kn,kn_cm_rom,gloss,True,True,True
u25_f4,kn,kn_cm_rom,oracle,True,True,True
u25_f4,kn,kn_cm_nat,raw,True,True,True
u25_f4,kn,kn_cm_nat,gloss,True,True,True
u25_f4,kn,kn_cm_nat,oracle,True,True,True
u25_f4,kn,kn_mono_nat,raw,True,False,False
u25_f4,kn,kn_mono_nat,gloss,True,True,True
u25_f4,kn,kn_mono_nat,oracle,True,True,True
u25_f4,kn,kn_mono_rom,raw,True,False,False
u25_f4,kn,kn_mono_rom,gloss,True,True,True
u25_f4,kn,kn_mono_rom,oracle,True,True,True
u35_f5,hi,en,raw,True,True,True
u35_f5,hi,en,gloss,True,True,True
u35_f5,hi,en,oracle,True,False,True
u35_f5,hi,hi_cm_rom,raw,True,False,False
u35_f5,hi,hi_cm_rom,gloss,True,True,True
u35_f5,hi,hi_cm_rom,oracle,True,True,True
u35_f5,hi,hi_cm_nat,raw,True,True,True
u35_f5,hi,hi_cm_nat,gloss,True,True,True
u35_f5,hi,hi_cm_nat,oracle,True,True,True
u35_f5,hi,hi_mono_nat,raw,True,False,False
u35_f5,hi,hi_mono_nat,gloss,True,True,True
u35_f5,hi,hi_mono_nat,oracle,True,True,True
u35_f5,hi,hi_mono_rom,raw,True,False,False
u35_f5,hi,hi_mono_rom,gloss,True,True,True
u35_f5,hi,hi_mono_rom,oracle,True,True,True
u35_f5,kn,kn_cm_rom,raw,True,False,False
u35_f5,kn,kn_cm_rom,gloss,True,True,True
u35_f5,kn,kn_cm_rom,oracle,True,True,True
u35_f5,kn,kn_cm_nat,raw,True,False,False
u35_f5,kn,kn_cm_nat,gloss,True,True,True
u35_f5,kn,kn_cm_nat,oracle,True,True,True
u35_f5,kn,kn_mono_nat,raw,True,False,False
u35_f5,kn,kn_mono_nat,gloss,True,True,True
u35_f5,kn,kn_mono_nat,oracle,True,True,True
u35_f5,kn,kn_mono_rom,raw,True,False,False
u35_f5,kn,kn_mono_rom,gloss,True,True,True
u35_f5,kn,kn_mono_rom,oracle,True,True,True
u07_f2,hi,en,raw,True,True,True
u07_f2,hi,en,gloss,True,True,True
u07_f2,hi,en,oracle,True,True,True
u07_f2,hi,hi_cm_rom,raw,True,True,True
u07_f2,hi,hi_cm_rom,gloss,True,True,True
u07_f2,hi,hi_cm_rom,oracle,True,True,True
u07_f2,hi,hi_cm_nat,raw,True,False,False
u07_f2,hi,hi_cm_nat,gloss,True,True,True
u07_f2,hi,hi_cm_nat,oracle,True,True,True
u07_f2,hi,hi_mono_nat,raw,True,True,True
u07_f2,hi,hi_mono_nat,gloss,True,False,False
u07_f2,hi,hi_mono_nat,oracle,True,True,True
u07_f2,hi,hi_mono_rom,raw,True,False,False
u07_f2,hi,hi_mono_rom,gloss,True,True,True
u07_f2,hi,hi_mono_rom,oracle,True,True,True
u07_f2,kn,kn_cm_rom,raw,True,True,True
u07_f2,kn,kn_cm_rom,gloss,True,True,True
u07_f2,kn,kn_cm_rom,oracle,True,True,True
u07_f2,kn,kn_cm_nat,raw,True,False,False
u07_f2,kn,kn_cm_nat,gloss,True,True,True
u07_f2,kn,kn_cm_nat,oracle,True,True,True
u07_f2,kn,kn_mono_nat,raw,True,False,False
u07_f2,kn,kn_mono_nat,gloss,True,True,True
u07_f2,kn,kn_mono_nat,oracle,True,True,True
u07_f2,kn,kn_mono_rom,raw,True,False,False
u07_f2,kn,kn_mono_rom,gloss,True,True,True
u07_f2,kn,kn_mono_rom,oracle,True,True,True
u20_f3,hi,en,raw,True,True,True
u20_f3,hi,en,gloss,True,True,True
u20_f3,hi,en,oracle,True,True,True
u20_f3,hi,hi_cm_rom,raw,True,True,True
u20_f3,hi,hi_cm_rom,gloss,True,True,True
u20_f3,hi,hi_cm_rom,oracle,True,True,True
u20_f3,hi,hi_cm_nat,raw,True,False,False
u20_f3,hi,hi_cm_nat,gloss,True,True,True
u20_f3,hi,hi_cm_nat,oracle,True,True,True
u20_f3,hi,hi_mono_nat,raw,True,False,False
u20_f3,hi,hi_mono_nat,gloss,True,True,True
u20_f3,hi,hi_mono_nat,oracle,True,True,True
u20_f3,hi,hi_mono_rom,raw,True,False,False
u20_f3,hi,hi_mono_rom,gloss,True,True,True
u20_f3,hi,hi_mono_rom,oracle,True,True,True
u20_f3,kn,kn_cm_rom,raw,True,True,True
u20_f3,kn,kn_cm_rom,gloss,True,True,True
u20_f3,kn,kn_cm_rom,oracle,True,True,True
u20_f3,kn,kn_cm_nat,raw,True,False,False
u20_f3,kn,kn_cm_nat,gloss,True,True,True
u20_f3,kn,kn_cm_nat,oracle,True,True,True
u20_f3,kn,kn_mono_nat,raw,True,False,False
u20_f3,kn,kn_mono_nat,gloss,True,True,True
u20_f3,kn,kn_mono_nat,oracle,True,True,True
u20_f3,kn,kn_mono_rom,raw,True,False,False
u20_f3,kn,kn_mono_rom,gloss,True,False,False
u20_f3,kn,kn_mono_rom,oracle,True,True,True
u22_f5,hi,en,raw,True,True,True
u22_f5,hi,en,gloss,True,False,True
u22_f5,hi,en,oracle,True,True,True
u22_f5,hi,hi_cm_rom,raw,True,True,True
u22_f5,hi,hi_cm_rom,gloss,True,True,True
u22_f5,hi,hi_cm_rom,oracle,True,True,True
u22_f5,hi,hi_cm_nat,raw,True,True,True
u22_f5,hi,hi_cm_nat,gloss,True,False,True
u22_f5,hi,hi_cm_nat,oracle,True,True,True
u22_f5,hi,hi_mono_nat,raw,True,True,True
u22_f5,hi,hi_mono_nat,gloss,True,True,True
u22_f5,hi,hi_mono_nat,oracle,True,True,True
u22_f5,hi,hi_mono_rom,raw,True,False,False
u22_f5,hi,hi_mono_rom,gloss,True,True,True
u22_f5,hi,hi_mono_rom,oracle,True,True,True
u22_f5,kn,kn_cm_rom,raw,True,True,True
u22_f5,kn,kn_cm_rom,gloss,True,True,True
u22_f5,kn,kn_cm_rom,oracle,True,True,True
u22_f5,kn,kn_cm_nat,raw,True,True,True
u22_f5,kn,kn_cm_nat,gloss,True,True,True
u22_f5,kn,kn_cm_nat,oracle,True,True,True
u22_f5,kn,kn_mono_nat,raw,True,True,True
u22_f5,kn,kn_mono_nat,gloss,True,True,True
u22_f5,kn,kn_mono_nat,oracle,True,True,True
u22_f5,kn,kn_mono_rom,raw,True,False,False
u22_f5,kn,kn_mono_rom,gloss,True,True,True
u22_f5,kn,kn_mono_rom,oracle,True,True,True
u14_f4,hi,en,raw,True,True,True
u14_f4,hi,en,gloss,True,True,True
u14_f4,hi,en,oracle,True,True,True
u14_f4,hi,hi_cm_rom,raw,True,True,True
u14_f4,hi,hi_cm_rom,gloss,True,False,True
u14_f4,hi,hi_cm_rom,oracle,True,True,True
u14_f4,hi,hi_cm_nat,raw,True,True,True
u14_f4,hi,hi_cm_nat,gloss,True,True,True
u14_f4,hi,hi_cm_nat,oracle,True,True,True
u14_f4,hi,hi_mono_nat,raw,True,True,True
u14_f4,hi,hi_mono_nat,gloss,True,True,True
u14_f4,hi,hi_mono_nat,oracle,True,True,True
u14_f4,hi,hi_mono_rom,raw,True,False,False
u14_f4,hi,hi_mono_rom,gloss,True,True,True
u14_f4,hi,hi_mono_rom,oracle,True,True,True
u14_f4,kn,kn_cm_rom,raw,True,True,True
u14_f4,kn,kn_cm_rom,gloss,True,True,True
u14_f4,kn,kn_cm_rom,oracle,True,True,True
u14_f4,kn,kn_cm_nat,raw,True,True,True
u14_f4,kn,kn_cm_nat,gloss,True,True,True
u14_f4,kn,kn_cm_nat,oracle,True,True,True
u14_f4,kn,kn_mono_nat,raw,True,False,False
u14_f4,kn,kn_mono_nat,gloss,True,True,True
u14_f4,kn,kn_mono_nat,oracle,True,False,True
u14_f4,kn,kn_mono_rom,raw,True,False,False
u14_f4,kn,kn_mono_rom,gloss,True,False,True
u14_f4,kn,kn_mono_rom,oracle,True,True,True
