model,view,lang,form,r1,r5,r10,rr
BGE-M3,gloss,hi,en,0.3541666666666667,0.6416666666666667,0.75,0.487840148394822
BGE-M3,gloss,hi,hi_cm_nat,0.4166666666666667,0.7083333333333334,0.8041666666666667,0.546107756138142
BGE-M3,gloss,hi,hi_cm_rom,0.3625,0.65,0.75,0.49461625723345465
BGE-M3,gloss,hi,hi_mono_nat,0.38333333333333336,0.7291666666666666,0.8208333333333333,0.5307081444750277
BGE-M3,gloss,hi,hi_mono_rom,0.3416666666666667,0.6625,0.7625,0.48759561445056787
BGE-M3,gloss,kn,en,0.275,0.6125,0.7208333333333333,0.4309280069745529
BGE-M3,gloss,kn,kn_cm_nat,0.30416666666666664,0.6666666666666666,0.7666666666666667,0.4630781181308708
BGE-M3,gloss,kn,kn_cm_rom,0.2916666666666667,0.5916666666666667,0.7333333333333333,0.43821481221016356
BGE-M3,gloss,kn,kn_mono_nat,0.32916666666666666,0.675,0.7833333333333333,0.4822297518146584
BGE-M3,gloss,kn,kn_mono_rom,0.2708333333333333,0.5666666666666667,0.6833333333333333,0.4040431248723892
BGE-M3,gloss+qt,hi,en,0.3541666666666667,0.6416666666666667,0.75,0.487840148394822
BGE-M3,gloss+qt,hi,hi_cm_nat,0.4166666666666667,0.7083333333333334,0.8041666666666667,0.546107756138142
BGE-M3,gloss+qt,hi,hi_cm_rom,0.3625,0.65,0.75,0.49461625723345465
BGE-M3,gloss+qt,hi,hi_mono_nat,0.38333333333333336,0.7291666666666666,0.8208333333333333,0.5307081444750277
BGE-M3,gloss+qt,hi,hi_mono_rom,0.3416666666666667,0.6625,0.7625,0.48759561445056787
BGE-M3,gloss+qt,kn,en,0.275,0.6125,0.7208333333333333,0.4309280069745529
BGE-M3,gloss+qt,kn,kn_cm_nat,0.30416666666666664,0.6666666666666666,0.7666666666666667,0.4630781181308708
BGE-M3,gloss+qt,kn,kn_cm_rom,0.2916666666666667,0.5916666666666667,0.7333333333333333,0.43821481221016356
BGE-M3,gloss+qt,kn,kn_mono_nat,0.32916666666666666,0.675,0.7833333333333333,0.4822297518146584
BGE-M3,gloss+qt,kn,kn_mono_rom,0.2708333333333333,0.5666666666666667,0.6833333333333333,0.4040431248723892
BGE-M3,qt,hi,en,0.38333333333333336,0.6791666666666667,0.775,0.5140111460971659
BGE-M3,qt,hi,hi_cm_nat,0.3541666666666667,0.6333333333333333,0.75,0.4781905353563811
BGE-M3,qt,hi,hi_cm_rom,0.09166666666666666,0.20416666666666666,0.2875,0.15774901847661107
BGE-M3,qt,hi,hi_mono_nat,0.2916666666666667,0.5625,0.7083333333333334,0.42049728572719103
BGE-M3,qt,hi,hi_mono_rom,0.008333333333333333,0.025,0.0375,0.03170793238458467
BGE-M3,qt,kn,en,0.325,0.65,0.7708333333333334,0.47491808505121863
BGE-M3,qt,kn,kn_cm_nat,0.2875,0.6,0.6916666666666667,0.4266105004633306
BGE-M3,qt,kn,kn_cm_rom,0.04583333333333333,0.14166666666666666,0.2375,0.11343559981107847
BGE-M3,qt,kn,kn_mono_nat,0.21666666666666667,0.5125,0.6333333333333333,0.3558130718438666
BGE-M3,qt,kn,kn_mono_rom,0.0,0.0125,0.016666666666666666,0.013509358110135296
BGE-M3,raw,hi,en,0.38333333333333336,0.6791666666666667,0.775,0.5140111460971659
BGE-M3,raw,hi,hi_cm_nat,0.3541666666666667,0.6333333333333333,0.75,0.4781905353563811
BGE-M3,raw,hi,hi_cm_rom,0.09166666666666666,0.20416666666666666,0.2875,0.15774901847661107
BGE-M3,raw,hi,hi_mono_nat,0.2916666666666667,0.5625,0.7083333333333334,0.42049728572719103
BGE-M3,raw,hi,hi_mono_rom,0.008333333333333333,0.025,0.0375,0.03170793238458467
BGE-M3,raw,kn,en,0.325,0.65,0.7708333333333334,0.47491808505121863
BGE-M3,raw,kn,kn_cm_nat,0.2875,0.6,0.6916666666666667,0.4266105004633306
BGE-M3,raw,kn,kn_cm_rom,0.04583333333333333,0.14166666666666666,0.2375,0.11343559981107847
BGE-M3,raw,kn,kn_mono_nat,0.21666666666666667,0.5125,0.6333333333333333,0.3558130718438666
BGE-M3,raw,kn,kn_mono_rom,0.0,0.0125,0.016666666666666666,0.013509358110135296
BGE-M3,translit,hi,en,0.4083333333333333,0.7041666666666667,0.8,0.5345651048021126
BGE-M3,translit,hi,hi_cm_nat,0.08333333333333333,0.1875,0.25416666666666665,0.14889793371690938
BGE-M3,translit,hi,hi_cm_rom,0.10833333333333334,0.225,0.30833333333333335,0.18043544582727333
BGE-M3,translit,hi,hi_mono_nat,0.0,0.004166666666666667,0.004166666666666667,0.009022113717768943
BGE-M3,translit,hi,hi_mono_rom,0.0125,0.029166666666666667,0.04583333333333333,0.03758134561591135
BGE-M3,translit,kn,en,0.4041666666666667,0.6833333333333333,0.7916666666666666,0.5324009952884444
BGE-M3,translit,kn,kn_cm_nat,0.0625,0.18333333333333332,0.2791666666666667,0.13668077407578091
BGE-M3,translit,kn,kn_cm_rom,0.06666666666666667,0.1875,0.275,0.1380826439530208
BGE-M3,translit,kn,kn_mono_nat,0.0,0.004166666666666667,0.004166666666666667,0.007461359651184929
BGE-M3,translit,kn,kn_mono_rom,0.0,0.0125,0.016666666666666666,0.015546878901964227
IndicSBERT,gloss,hi,en,0.125,0.35,0.42916666666666664,0.2297966351183895
IndicSBERT,gloss,hi,hi_cm_nat,0.17083333333333334,0.4041666666666667,0.5,0.2836633645791773
IndicSBERT,gloss,hi,hi_cm_rom,0.15,0.43333333333333335,0.5041666666666667,0.27169345504109
IndicSBERT,gloss,hi,hi_mono_nat,0.15416666666666667,0.475,0.5333333333333333,0.2882226127946027
IndicSBERT,gloss,hi,hi_mono_rom,0.16666666666666666,0.4,0.4875,0.27110533568119
IndicSBERT,gloss,kn,en,0.0875,0.29583333333333334,0.4125,0.1962444935528574
IndicSBERT,gloss,kn,kn_cm_nat,0.14583333333333334,0.36666666666666664,0.4625,0.25660359909070257
IndicSBERT,gloss,kn,kn_cm_rom,0.11666666666666667,0.3625,0.4625,0.2349673947452338
IndicSBERT,gloss,kn,kn_mono_nat,0.14166666666666666,0.4166666666666667,0.5,0.2650639570202761
IndicSBERT,gloss,kn,kn_mono_rom,0.14166666666666666,0.32916666666666666,0.44166666666666665,0.24495229366961704
IndicSBERT,gloss+qt,hi,en,0.125,0.35,0.42916666666666664,0.2297966351183895
IndicSBERT,gloss+qt,hi,hi_cm_nat,0.17083333333333334,0.4041666666666667,0.5,0.2836633645791773
IndicSBERT,gloss+qt,hi,hi_cm_rom,0.15,0.43333333333333335,0.5041666666666667,0.27169345504109
IndicSBERT,gloss+qt,hi,hi_mono_nat,0.15416666666666667,0.475,0.5333333333333333,0.2882226127946027
IndicSBERT,gloss+qt,hi,hi_mono_rom,0.16666666666666666,0.4,0.4875,0.27110533568119
IndicSBERT,gloss+qt,kn,en,0.0875,0.29583333333333334,0.4125,0.1962444935528574
IndicSBERT,gloss+qt,kn,kn_cm_nat,0.14583333333333334,0.36666666666666664,0.4625,0.25660359909070257
IndicSBERT,gloss+qt,kn,kn_cm_rom,0.11666666666666667,0.3625,0.4625,0.2349673947452338
IndicSBERT,gloss+qt,kn,kn_mono_nat,0.14166666666666666,0.4166666666666667,0.5,0.2650639570202761
IndicSBERT,gloss+qt,kn,kn_mono_rom,0.14166666666666666,0.32916666666666666,0.44166666666666665,0.24495229366961704
IndicSBERT,qt,hi,en,0.14166666666666666,0.375,0.4666666666666667,0.25146348648063327
IndicSBERT,qt,hi,hi_cm_nat,0.12083333333333333,0.2916666666666667,0.4,0.20954917812289828
IndicSBERT,qt,hi,hi_cm_rom,0.10416666666666667,0.25833333333333336,0.35,0.18320071243258867
IndicSBERT,qt,hi,hi_mono_nat,0.09583333333333334,0.3416666666666667,0.44166666666666665,0.2138549060678541
IndicSBERT,qt,hi,hi_mono_rom,0.06666666666666667,0.18333333333333332,0.24166666666666667,0.1333918649826827
IndicSBERT,qt,kn,en,0.1125,0.35,0.45416666666666666,0.2355840094930362
IndicSBERT,qt,kn,kn_cm_nat,0.1,0.24166666666666667,0.3125,0.18619189287373572
IndicSBERT,qt,kn,kn_cm_rom,0.029166666666666667,0.15,0.21666666666666667,0.09946709170054573
IndicSBERT,qt,kn,kn_mono_nat,0.10416666666666667,0.31666666666666665,0.37916666666666665,0.2090487097039252
IndicSBERT,qt,kn,kn_mono_rom,0.041666666666666664,0.1,0.125,0.07625168494000278
IndicSBERT,raw,hi,en,0.14166666666666666,0.375,0.4666666666666667,0.25146348648063327
IndicSBERT,raw,hi,hi_cm_nat,0.12083333333333333,0.2916666666666667,0.4,0.20954917812289828
IndicSBERT,raw,hi,hi_cm_rom,0.10416666666666667,0.25833333333333336,0.35,0.18320071243258867
IndicSBERT,raw,hi,hi_mono_nat,0.09583333333333334,0.3416666666666667,0.44166666666666665,0.2138549060678541
IndicSBERT,raw,hi,hi_mono_rom,0.06666666666666667,0.18333333333333332,0.24166666666666667,0.1333918649826827
IndicSBERT,raw,kn,en,0.1125,0.35,0.45416666666666666,0.2355840094930362
IndicSBERT,raw,kn,kn_cm_nat,0.1,0.24166666666666667,0.3125,0.18619189287373572
IndicSBERT,raw,kn,kn_cm_rom,0.029166666666666667,0.15,0.21666666666666667,0.09946709170054573
IndicSBERT,raw,kn,kn_mono_nat,0.10416666666666667,0.31666666666666665,0.37916666666666665,0.2090487097039252
IndicSBERT,raw,kn,kn_mono_rom,0.041666666666666664,0.1,0.125,0.07625168494000278
IndicSBERT,translit,hi,en,0.14166666666666666,0.37083333333333335,0.4583333333333333,0.25064037442055814
IndicSBERT,translit,hi,hi_cm_nat,0.1,0.23333333333333334,0.31666666666666665,0.17617406508994668
IndicSBERT,translit,hi,hi_cm_rom,0.1,0.2625,0.35,0.1821577120258023
IndicSBERT,translit,hi,hi_mono_nat,0.029166666666666667,0.09166666666666666,0.1375,0.06891104683772209
IndicSBERT,translit,hi,hi_mono_rom,0.0625,0.19166666666666668,0.24166666666666667,0.13303838926058612
IndicSBERT,translit,kn,en,0.15,0.35,0.4666666666666667,0.2576100628475512
IndicSBERT,translit,kn,kn_cm_nat,0.05,0.175,0.22916666666666666,0.11513039442603049
IndicSBERT,translit,kn,kn_cm_rom,0.03333333333333333,0.1625,0.225,0.10612128725217336
IndicSBERT,translit,kn,kn_mono_nat,0.020833333333333332,0.04583333333333333,0.06666666666666667,0.045611076224715094
IndicSBERT,translit,kn,kn_mono_rom,0.04583333333333333,0.09166666666666666,0.13333333333333333,0.07993209852766435
LaBSE,gloss,hi,en,0.020833333333333332,0.0625,0.10833333333333334,0.05859887007224149
LaBSE,gloss,hi,hi_cm_nat,0.15,0.39166666666666666,0.5583333333333333,0.27343511110417335
LaBSE,gloss,hi,hi_cm_rom,0.058333333333333334,0.14583333333333334,0.20416666666666666,0.11589000127196077
LaBSE,gloss,hi,hi_mono_nat,0.14166666666666666,0.3541666666666667,0.5166666666666667,0.2551479290965347
LaBSE,gloss,hi,hi_mono_rom,0.020833333333333332,0.08333333333333333,0.16666666666666666,0.07311652460578744
LaBSE,gloss,kn,en,0.008333333333333333,0.058333333333333334,0.10833333333333334,0.04815277737360355
LaBSE,gloss,kn,kn_cm_nat,0.07083333333333333,0.25833333333333336,0.3958333333333333,0.17349354030700775
LaBSE,gloss,kn,kn_cm_rom,0.016666666666666666,0.0875,0.1875,0.07625295959560044
LaBSE,gloss,kn,kn_mono_nat,0.0875,0.37083333333333335,0.5458333333333333,0.23115632698878322
LaBSE,gloss,kn,kn_mono_rom,0.029166666666666667,0.13333333333333333,0.24583333333333332,0.0915146293416189
LaBSE,gloss+qt,hi,en,0.020833333333333332,0.0625,0.10833333333333334,0.05859887007224149
LaBSE,gloss+qt,hi,hi_cm_nat,0.15,0.39166666666666666,0.5583333333333333,0.27343511110417335
LaBSE,gloss+qt,hi,hi_cm_rom,0.058333333333333334,0.14583333333333334,0.20416666666666666,0.11589000127196077
LaBSE,gloss+qt,hi,hi_mono_nat,0.14166666666666666,0.3541666666666667,0.5166666666666667,0.2551479290965347
LaBSE,gloss+qt,hi,hi_mono_rom,0.020833333333333332,0.08333333333333333,0.16666666666666666,0.07311652460578744
LaBSE,gloss+qt,kn,en,0.008333333333333333,0.058333333333333334,0.10833333333333334,0.04815277737360355
LaBSE,gloss+qt,kn,kn_cm_nat,0.07083333333333333,0.25833333333333336,0.3958333333333333,0.17349354030700775
LaBSE,gloss+qt,kn,kn_cm_rom,0.016666666666666666,0.0875,0.1875,0.07625295959560044
LaBSE,gloss+qt,kn,kn_mono_nat,0.0875,0.37083333333333335,0.5458333333333333,0.23115632698878322
LaBSE,gloss+qt,kn,kn_mono_rom,0.029166666666666667,0.13333333333333333,0.24583333333333332,0.0915146293416189
LaBSE,qt,hi,en,0.020833333333333332,0.07916666666666666,0.1125,0.061023330731347594
LaBSE,qt,hi,hi_cm_nat,0.14166666666666666,0.3875,0.5583333333333333,0.271650911407229
LaBSE,qt,hi,hi_cm_rom,0.025,0.058333333333333334,0.07916666666666666,0.0517274324471697
LaBSE,qt,hi,hi_mono_nat,0.14166666666666666,0.3541666666666667,0.525,0.25663960941243036
LaBSE,qt,hi,hi_mono_rom,0.0,0.0,0.004166666666666667,0.006712811670305652
LaBSE,qt,kn,en,0.016666666666666666,0.06666666666666667,0.12916666666666668,0.059440749857604384
LaBSE,qt,kn,kn_cm_nat,0.075,0.25416666666666665,0.3875,0.17159054855914568
LaBSE,qt,kn,kn_cm_rom,0.004166666666666667,0.029166666666666667,0.04583333333333333,0.02256346329019674
LaBSE,qt,kn,kn_mono_nat,0.10833333333333334,0.3958333333333333,0.5541666666666667,0.2485277458921403
LaBSE,qt,kn,kn_mono_rom,0.0,0.0,0.0,0.004632848800063296
LaBSE,raw,hi,en,0.020833333333333332,0.07916666666666666,0.1125,0.061023330731347594
LaBSE,raw,hi,hi_cm_nat,0.14166666666666666,0.3875,0.5583333333333333,0.271650911407229
LaBSE,raw,hi,hi_cm_rom,0.025,0.058333333333333334,0.07916666666666666,0.0517274324471697
LaBSE,raw,hi,hi_mono_nat,0.14166666666666666,0.3541666666666667,0.525,0.25663960941243036
LaBSE,raw,hi,hi_mono_rom,0.0,0.0,0.004166666666666667,0.006712811670305652
LaBSE,raw,kn,en,0.016666666666666666,0.06666666666666667,0.12916666666666668,0.059440749857604384
LaBSE,raw,kn,kn_cm_nat,0.075,0.25416666666666665,0.3875,0.17159054855914568
LaBSE,raw,kn,kn_cm_rom,0.004166666666666667,0.029166666666666667,0.04583333333333333,0.02256346329019674
LaBSE,raw,kn,kn_mono_nat,0.10833333333333334,0.3958333333333333,0.5541666666666667,0.2485277458921403
LaBSE,raw,kn,kn_mono_rom,0.0,0.0,0.0,0.004632848800063296
LaBSE,translit,hi,en,0.05,0.16666666666666666,0.275,0.12417697495177725
LaBSE,translit,hi,hi_cm_nat,0.0125,0.0625,0.09583333333333334,0.04873718200356272
LaBSE,translit,hi,hi_cm_rom,0.029166666666666667,0.1,0.17083333333333334,0.07851733501279053
LaBSE,translit,hi,hi_mono_nat,0.0,0.004166666666666667,0.004166666666666667,0.00562526234389616
LaBSE,translit,hi,hi_mono_rom,0.0,0.0125,0.020833333333333332,0.01403384106165828
LaBSE,translit,kn,en,0.0375,0.1625,0.275,0.10968390996489816
LaBSE,translit,kn,kn_cm_nat,0.008333333333333333,0.041666666666666664,0.06666666666666667,0.03799685610717872
LaBSE,translit,kn,kn_cm_rom,0.008333333333333333,0.041666666666666664,0.075,0.038072305048589876
LaBSE,translit,kn,kn_mono_nat,0.0,0.0,0.0,0.0047150028345441354
LaBSE,translit,kn,kn_mono_rom,0.0,0.0,0.0,0.00726118496778441
MiniLM-en,gloss,hi,en,0.3541666666666667,0.6166666666666667,0.725,0.47112481549692886
MiniLM-en,gloss,hi,hi_cm_nat,0.3375,0.6375,0.7458333333333333,0.47207287089166655
MiniLM-en,gloss,hi,hi_cm_rom,0.35,0.6291666666666667,0.7583333333333333,0.48030242496086595
MiniLM-en,gloss,hi,hi_mono_nat,0.31666666666666665,0.6,0.7041666666666667,0.4488013923284346
MiniLM-en,gloss,hi,hi_mono_rom,0.37083333333333335,0.6458333333333334,0.7291666666666666,0.4907941419940772
MiniLM-en,gloss,kn,en,0.325,0.6,0.7041666666666667,0.45299494737310275
MiniLM-en,gloss,kn,kn_cm_nat,0.3541666666666667,0.6125,0.7291666666666666,0.48250782858754476
MiniLM-en,gloss,kn,kn_cm_rom,0.32083333333333336,0.6208333333333333,0.75,0.46462811342240057
MiniLM-en,gloss,kn,kn_mono_nat,0.3125,0.6125,0.725,0.44960261024409826
MiniLM-en,gloss,kn,kn_mono_rom,0.2833333333333333,0.5875,0.7208333333333333,0.4209221691309201
MiniLM-en,gloss+qt,hi,en,0.3541666666666667,0.6166666666666667,0.725,0.47112481549692886
MiniLM-en,gloss+qt,hi,hi_cm_nat,0.3375,0.6375,0.7458333333333333,0.47207287089166655
MiniLM-en,gloss+qt,hi,hi_cm_rom,0.35,0.6291666666666667,0.7583333333333333,0.48030242496086595
MiniLM-en,gloss+qt,hi,hi_mono_nat,0.31666666666666665,0.6,0.7041666666666667,0.4488013923284346
MiniLM-en,gloss+qt,hi,hi_mono_rom,0.37083333333333335,0.6458333333333334,0.7291666666666666,0.4907941419940772
MiniLM-en,gloss+qt,kn,en,0.325,0.6,0.7041666666666667,0.45299494737310275
MiniLM-en,gloss+qt,kn,kn_cm_nat,0.3541666666666667,0.6125,0.7291666666666666,0.48250782858754476
MiniLM-en,gloss+qt,kn,kn_cm_rom,0.32083333333333336,0.6208333333333333,0.75,0.46462811342240057
MiniLM-en,gloss+qt,kn,kn_mono_nat,0.3125,0.6125,0.725,0.44960261024409826
MiniLM-en,gloss+qt,kn,kn_mono_rom,0.2833333333333333,0.5875,0.7208333333333333,0.4209221691309201
MiniLM-en,qt,hi,en,0.39166666666666666,0.6416666666666667,0.7291666666666666,0.5050090754980289
MiniLM-en,qt,hi,hi_cm_nat,0.15416666666666667,0.37083333333333335,0.45416666666666666,0.252321939311529
MiniLM-en,qt,hi,hi_cm_rom,0.07916666666666666,0.2375,0.3333333333333333,0.16713641574185475
MiniLM-en,qt,hi,hi_mono_nat,0.0,0.004166666666666667,0.03333333333333333,0.022475551351127807
MiniLM-en,qt,hi,hi_mono_rom,0.0125,0.06666666666666667,0.1,0.051523822408472905
MiniLM-en,qt,kn,en,0.3875,0.6375,0.7375,0.4978926370598847
MiniLM-en,qt,kn,kn_cm_nat,0.2,0.42083333333333334,0.49583333333333335,0.30157924093129956
MiniLM-en,qt,kn,kn_cm_rom,0.14166666666666666,0.32083333333333336,0.4083333333333333,0.23848355835294183
MiniLM-en,qt,kn,kn_mono_nat,0.0,0.0,0.0,0.013365671385155311
MiniLM-en,qt,kn,kn_mono_rom,0.04583333333333333,0.09583333333333334,0.12916666666666668,0.08302764035469491
MiniLM-en,raw,hi,en,0.39166666666666666,0.6416666666666667,0.7291666666666666,0.5050090754980289
MiniLM-en,raw,hi,hi_cm_nat,0.15416666666666667,0.37083333333333335,0.45416666666666666,0.252321939311529
MiniLM-en,raw,hi,hi_cm_rom,0.07916666666666666,0.2375,0.3333333333333333,0.16713641574185475
MiniLM-en,raw,hi,hi_mono_nat,0.0,0.004166666666666667,0.03333333333333333,0.022475551351127807
MiniLM-en,raw,hi,hi_mono_rom,0.0125,0.06666666666666667,0.1,0.051523822408472905
MiniLM-en,raw,kn,en,0.3875,0.6375,0.7375,0.4978926370598847
MiniLM-en,raw,kn,kn_cm_nat,0.2,0.42083333333333334,0.49583333333333335,0.30157924093129956
MiniLM-en,raw,kn,kn_cm_rom,0.14166666666666666,0.32083333333333336,0.4083333333333333,0.23848355835294183
MiniLM-en,raw,kn,kn_mono_nat,0.0,0.0,0.0,0.013365671385155311
MiniLM-en,raw,kn,kn_mono_rom,0.04583333333333333,0.09583333333333334,0.12916666666666668,0.08302764035469491
MiniLM-en,translit,hi,en,0.4083333333333333,0.6416666666666667,0.7458333333333333,0.5159472501241152
MiniLM-en,translit,hi,hi_cm_nat,0.07916666666666666,0.25,0.3416666666666667,0.16985375911593054
MiniLM-en,translit,hi,hi_cm_rom,0.0875,0.25833333333333336,0.37083333333333335,0.18230561509754756
MiniLM-en,translit,hi,hi_mono_nat,0.0,0.008333333333333333,0.0125,0.012345560301153453
MiniLM-en,translit,hi,hi_mono_rom,0.016666666666666666,0.07083333333333333,0.10833333333333334,0.05835865411249969
MiniLM-en,translit,kn,en,0.4041666666666667,0.6375,0.7375,0.5065026109139746
MiniLM-en,translit,kn,kn_cm_nat,0.12916666666666668,0.31666666666666665,0.425,0.2299294744925095
MiniLM-en,translit,kn,kn_cm_rom,0.1375,0.32083333333333336,0.43333333333333335,0.236016920580762
MiniLM-en,translit,kn,kn_mono_nat,0.0,0.008333333333333333,0.029166666666666667,0.018869738393949783
MiniLM-en,translit,kn,kn_mono_rom,0.04583333333333333,0.0875,0.15,0.08436756465923884
Vyakyarth,gloss,hi,en,0.12083333333333333,0.3333333333333333,0.49583333333333335,0.23377664399287948
Vyakyarth,gloss,hi,hi_cm_nat,0.17083333333333334,0.4,0.5791666666666667,0.28514230743343655
Vyakyarth,gloss,hi,hi_cm_rom,0.15833333333333333,0.4083333333333333,0.5458333333333333,0.2869007677053777
Vyakyarth,gloss,hi,hi_mono_nat,0.17083333333333334,0.4375,0.5875,0.29995450074126356
Vyakyarth,gloss,hi,hi_mono_rom,0.14166666666666666,0.4041666666666667,0.5041666666666667,0.26431401344711575
Vyakyarth,gloss,kn,en,0.12083333333333333,0.3,0.42083333333333334,0.22657991318681717
Vyakyarth,gloss,kn,kn_cm_nat,0.17083333333333334,0.3958333333333333,0.5208333333333334,0.28523647451006334
Vyakyarth,gloss,kn,kn_cm_rom,0.18333333333333332,0.37083333333333335,0.5083333333333333,0.2863900823110835
Vyakyarth,gloss,kn,kn_mono_nat,0.16666666666666666,0.42083333333333334,0.5708333333333333,0.2952452721925743
Vyakyarth,gloss,kn,kn_mono_rom,0.17916666666666667,0.35833333333333334,0.4583333333333333,0.2723968672291378
Vyakyarth,gloss+qt,hi,en,0.12083333333333333,0.3333333333333333,0.49583333333333335,0.23377664399287948
Vyakyarth,gloss+qt,hi,hi_cm_nat,0.17083333333333334,0.4,0.5791666666666667,0.28514230743343655
Vyakyarth,gloss+qt,hi,hi_cm_rom,0.15833333333333333,0.4083333333333333,0.5458333333333333,0.2869007677053777
Vyakyarth,gloss+qt,hi,hi_mono_nat,0.17083333333333334,0.4375,0.5875,0.29995450074126356
Vyakyarth,gloss+qt,hi,hi_mono_rom,0.14166666666666666,0.4041666666666667,0.5041666666666667,0.26431401344711575
Vyakyarth,gloss+qt,kn,en,0.12083333333333333,0.3,0.42083333333333334,0.22657991318681717
Vyakyarth,gloss+qt,kn,kn_cm_nat,0.17083333333333334,0.3958333333333333,0.5208333333333334,0.28523647451006334
Vyakyarth,gloss+qt,kn,kn_cm_rom,0.18333333333333332,0.37083333333333335,0.5083333333333333,0.2863900823110835
Vyakyarth,gloss+qt,kn,kn_mono_nat,0.16666666666666666,0.42083333333333334,0.5708333333333333,0.2952452721925743
Vyakyarth,gloss+qt,kn,kn_mono_rom,0.17916666666666667,0.35833333333333334,0.4583333333333333,0.2723968672291378
Vyakyarth,qt,hi,en,0.15416666666666667,0.35833333333333334,0.525,0.2618561232572248
Vyakyarth,qt,hi,hi_cm_nat,0.09166666666666666,0.2916666666666667,0.4583333333333333,0.19871913482603576
Vyakyarth,qt,hi,hi_cm_rom,0.03333333333333333,0.1625,0.275,0.1122881596546894
Vyakyarth,qt,hi,hi_mono_nat,0.10833333333333334,0.31666666666666665,0.44166666666666665,0.21975095316213303
Vyakyarth,qt,hi,hi_mono_rom,0.0125,0.04583333333333333,0.0625,0.038447476719241785
Vyakyarth,qt,kn,en,0.1375,0.3541666666666667,0.4875,0.254661592741236
Vyakyarth,qt,kn,kn_cm_nat,0.1,0.2916666666666667,0.42916666666666664,0.20482891512230747
Vyakyarth,qt,kn,kn_cm_rom,0.05,0.125,0.175,0.0962348051070176
Vyakyarth,qt,kn,kn_mono_nat,0.09166666666666666,0.3333333333333333,0.45,0.2084045693728566
Vyakyarth,qt,kn,kn_mono_rom,0.0,0.016666666666666666,0.016666666666666666,0.015553044888789454
Vyakyarth,raw,hi,en,0.15416666666666667,0.35833333333333334,0.525,0.2618561232572248
Vyakyarth,raw,hi,hi_cm_nat,0.09166666666666666,0.2916666666666667,0.4583333333333333,0.19871913482603576
Vyakyarth,raw,hi,hi_cm_rom,0.03333333333333333,0.1625,0.275,0.1122881596546894
Vyakyarth,raw,hi,hi_mono_nat,0.10833333333333334,0.31666666666666665,0.44166666666666665,0.21975095316213303
Vyakyarth,raw,hi,hi_mono_rom,0.0125,0.04583333333333333,0.0625,0.038447476719241785
Vyakyarth,raw,kn,en,0.1375,0.3541666666666667,0.4875,0.254661592741236
Vyakyarth,raw,kn,kn_cm_nat,0.1,0.2916666666666667,0.42916666666666664,0.20482891512230747
Vyakyarth,raw,kn,kn_cm_rom,0.05,0.125,0.175,0.0962348051070176
Vyakyarth,raw,kn,kn_mono_nat,0.09166666666666666,0.3333333333333333,0.45,0.2084045693728566
Vyakyarth,raw,kn,kn_mono_rom,0.0,0.016666666666666666,0.016666666666666666,0.015553044888789454
Vyakyarth,translit,hi,en,0.15,0.37083333333333335,0.5333333333333333,0.26390520693779995
Vyakyarth,translit,hi,hi_cm_nat,0.020833333333333332,0.12083333333333333,0.21666666666666667,0.08713934057420958
Vyakyarth,translit,hi,hi_cm_rom,0.03333333333333333,0.1625,0.2833333333333333,0.11575838664018101
Vyakyarth,translit,hi,hi_mono_nat,0.0,0.0,0.008333333333333333,0.00954555343989518
Vyakyarth,translit,hi,hi_mono_rom,0.0125,0.05,0.06666666666666667,0.0395231678182706
Vyakyarth,translit,kn,en,0.17083333333333334,0.375,0.5333333333333333,0.28489198853882514
Vyakyarth,translit,kn,kn_cm_nat,0.05416666666666667,0.125,0.2125,0.10574617478507246
Vyakyarth,translit,kn,kn_cm_rom,0.05,0.1375,0.17916666666666667,0.10656736512444337
Vyakyarth,translit,kn,kn_mono_nat,0.0,0.0,0.004166666666666667,0.009812389962452617
Vyakyarth,translit,kn,kn_mono_rom,0.004166666666666667,0.016666666666666666,0.020833333333333332,0.0211524287917794
bm25,gloss,hi,en,0.125,0.18333333333333332,0.20416666666666666,0.15911945575064446
bm25,gloss,hi,hi_cm_nat,0.11666666666666667,0.16666666666666666,0.19583333333333333,0.15025947480978893
bm25,gloss,hi,hi_cm_rom,0.09583333333333334,0.17916666666666667,0.21666666666666667,0.14406907678918404
bm25,gloss,hi,hi_mono_nat,0.04583333333333333,0.1375,0.17916666666666667,0.10013248927169685
bm25,gloss,hi,hi_mono_rom,0.058333333333333334,0.16666666666666666,0.2,0.11564162008559013
bm25,gloss,kn,en,0.1125,0.175,0.19583333333333333,0.14924388466149704
bm25,gloss,kn,kn_cm_nat,0.10833333333333334,0.15833333333333333,0.18333333333333332,0.14468402705181466
bm25,gloss,kn,kn_cm_rom,0.1125,0.16666666666666666,0.18333333333333332,0.14808370727329373
bm25,gloss,kn,kn_mono_nat,0.08333333333333333,0.15416666666666667,0.16666666666666666,0.1273068129516378
bm25,gloss,kn,kn_mono_rom,0.075,0.17083333333333334,0.18333333333333332,0.1247084669098654
bm25,gloss+qt,hi,en,0.125,0.18333333333333332,0.20416666666666666,0.15911945575064446
bm25,gloss+qt,hi,hi_cm_nat,0.11666666666666667,0.16666666666666666,0.19583333333333333,0.15025947480978893
bm25,gloss+qt,hi,hi_cm_rom,0.09583333333333334,0.17916666666666667,0.21666666666666667,0.14406907678918404
bm25,gloss+qt,hi,hi_mono_nat,0.04583333333333333,0.1375,0.17916666666666667,0.10013248927169685
bm25,gloss+qt,hi,hi_mono_rom,0.058333333333333334,0.16666666666666666,0.2,0.11564162008559013
bm25,gloss+qt,kn,en,0.1125,0.175,0.19583333333333333,0.14924388466149704
bm25,gloss+qt,kn,kn_cm_nat,0.10833333333333334,0.15833333333333333,0.18333333333333332,0.14468402705181466
bm25,gloss+qt,kn,kn_cm_rom,0.1125,0.16666666666666666,0.18333333333333332,0.14808370727329373
bm25,gloss+qt,kn,kn_mono_nat,0.08333333333333333,0.15416666666666667,0.16666666666666666,0.1273068129516378
bm25,gloss+qt,kn,kn_mono_rom,0.075,0.17083333333333334,0.18333333333333332,0.1247084669098654
bm25,qt,hi,en,0.09166666666666666,0.17916666666666667,0.24166666666666667,0.1482109352275341
bm25,qt,hi,hi_cm_nat,0.0,0.0,0.03333333333333333,0.02168318223410903
bm25,qt,hi,hi_cm_rom,0.0,0.004166666666666667,0.0375,0.023143853594112602
bm25,qt,hi,hi_mono_nat,0.0,0.0,0.0,0.01260302718780757
bm25,qt,hi,hi_mono_rom,0.0,0.0,0.0,0.013739484438179395
bm25,qt,kn,en,0.06666666666666667,0.1625,0.225,0.12389677246016197
bm25,qt,kn,kn_cm_nat,0.0,0.0,0.058333333333333334,0.023475229430391556
bm25,qt,kn,kn_cm_rom,0.0,0.0,0.05416666666666667,0.023391054346216474
bm25,qt,kn,kn_mono_nat,0.0,0.0,0.0,0.012511460531280074
bm25,qt,kn,kn_mono_rom,0.0,0.0,0.0,0.012511460531280074
bm25,raw,hi,en,0.09166666666666666,0.17916666666666667,0.24166666666666667,0.1482109352275341
bm25,raw,hi,hi_cm_nat,0.0,0.0,0.03333333333333333,0.02168318223410903
bm25,raw,hi,hi_cm_rom,0.0,0.004166666666666667,0.0375,0.023143853594112602
bm25,raw,hi,hi_mono_nat,0.0,0.0,0.0,0.01260302718780757
bm25,raw,hi,hi_mono_rom,0.0,0.0,0.0,0.013739484438179395
bm25,raw,kn,en,0.06666666666666667,0.1625,0.225,0.12389677246016197
bm25,raw,kn,kn_cm_nat,0.0,0.0,0.058333333333333334,0.023475229430391556
bm25,raw,kn,kn_cm_rom,0.0,0.0,0.05416666666666667,0.023391054346216474
bm25,raw,kn,kn_mono_nat,0.0,0.0,0.0,0.012511460531280074
bm25,raw,kn,kn_mono_rom,0.0,0.0,0.0,0.012511460531280074
bm25,translit,hi,en,0.09166666666666666,0.17916666666666667,0.24166666666666667,0.1482397894813374
bm25,translit,hi,hi_cm_nat,0.0,0.004166666666666667,0.0375,0.023090116717788656
bm25,translit,hi,hi_cm_rom,0.0,0.004166666666666667,0.0375,0.023089290540705507
bm25,translit,hi,hi_mono_nat,0.0,0.0,0.0,0.013357916202335668
bm25,translit,hi,hi_mono_rom,0.0,0.0,0.0,0.013472798716841903
bm25,translit,kn,en,0.06666666666666667,0.1625,0.225,0.12389677246016197
bm25,translit,kn,kn_cm_nat,0.0,0.0,0.058333333333333334,0.023475229430391556
bm25,translit,kn,kn_cm_rom,0.0,0.0,0.05416666666666667,0.023391054346216474
bm25,translit,kn,kn_mono_nat,0.0,0.0,0.0,0.012511099968224807
bm25,translit,kn,kn_mono_rom,0.0,0.0,0.0,0.012511460531280074
mE5-base,gloss,hi,en,0.4625,0.7166666666666667,0.8208333333333333,0.5798887518372482
mE5-base,gloss,hi,hi_cm_nat,0.5041666666666667,0.6833333333333333,0.7583333333333333,0.59687694715382
mE5-base,gloss,hi,hi_cm_rom,0.48333333333333334,0.7375,0.7875,0.5942991796434742
mE5-base,gloss,hi,hi_mono_nat,0.4875,0.7041666666666667,0.7791666666666667,0.5894178535911028
mE5-base,gloss,hi,hi_mono_rom,0.475,0.6541666666666667,0.7458333333333333,0.565441851190638
mE5-base,gloss,kn,en,0.3458333333333333,0.6625,0.7958333333333333,0.5000264514283388
mE5-base,gloss,kn,kn_cm_nat,0.35833333333333334,0.6625,0.7375,0.4942632149904271
mE5-base,gloss,kn,kn_cm_rom,0.3625,0.6458333333333334,0.7291666666666666,0.4981543979983834
mE5-base,gloss,kn,kn_mono_nat,0.3375,0.6583333333333333,0.7416666666666667,0.4861689083177032
mE5-base,gloss,kn,kn_mono_rom,0.32083333333333336,0.5708333333333333,0.6416666666666667,0.44910948315416815
mE5-base,gloss+qt,hi,en,0.4625,0.7166666666666667,0.8208333333333333,0.5798887518372482
mE5-base,gloss+qt,hi,hi_cm_nat,0.5041666666666667,0.6833333333333333,0.7583333333333333,0.59687694715382
mE5-base,gloss+qt,hi,hi_cm_rom,0.48333333333333334,0.7375,0.7875,0.5942991796434742
mE5-base,gloss+qt,hi,hi_mono_nat,0.4875,0.7041666666666667,0.7791666666666667,0.5894178535911028
mE5-base,gloss+qt,hi,hi_mono_rom,0.475,0.6541666666666667,0.7458333333333333,0.565441851190638
mE5-base,gloss+qt,kn,en,0.3458333333333333,0.6625,0.7958333333333333,0.5000264514283388
mE5-base,gloss+qt,kn,kn_cm_nat,0.35833333333333334,0.6625,0.7375,0.4942632149904271
mE5-base,gloss+qt,kn,kn_cm_rom,0.3625,0.6458333333333334,0.7291666666666666,0.4981543979983834
mE5-base,gloss+qt,kn,kn_mono_nat,0.3375,0.6583333333333333,0.7416666666666667,0.4861689083177032
mE5-base,gloss+qt,kn,kn_mono_rom,0.32083333333333336,0.5708333333333333,0.6416666666666667,0.44910948315416815
mE5-base,qt,hi,en,0.5125,0.7541666666666667,0.8291666666666667,0.6201409697682151
mE5-base,qt,hi,hi_cm_nat,0.10416666666666667,0.2916666666666667,0.3541666666666667,0.19874052300119266
mE5-base,qt,hi,hi_cm_rom,0.15,0.3333333333333333,0.4583333333333333,0.2533991678001348
mE5-base,qt,hi,hi_mono_nat,0.041666666666666664,0.23333333333333334,0.3125,0.14251338018534168
mE5-base,qt,hi,hi_mono_rom,0.0125,0.04583333333333333,0.058333333333333334,0.046148964174276365
mE5-base,qt,kn,en,0.44583333333333336,0.7041666666666667,0.8416666666666667,0.572229489760102
mE5-base,qt,kn,kn_cm_nat,0.029166666666666667,0.14583333333333334,0.20833333333333334,0.09052034412966778
mE5-base,qt,kn,kn_cm_rom,0.041666666666666664,0.16666666666666666,0.25,0.11628506263596874
mE5-base,qt,kn,kn_mono_nat,0.016666666666666666,0.10416666666666667,0.15,0.069628395773685
mE5-base,qt,kn,kn_mono_rom,0.0,0.008333333333333333,0.0125,0.013421331623167842
mE5-base,raw,hi,en,0.5125,0.7541666666666667,0.8291666666666667,0.6201409697682151
mE5-base,raw,hi,hi_cm_nat,0.10416666666666667,0.2916666666666667,0.3541666666666667,0.19874052300119266
mE5-base,raw,hi,hi_cm_rom,0.15,0.3333333333333333,0.4583333333333333,0.2533991678001348
mE5-base,raw,hi,hi_mono_nat,0.041666666666666664,0.23333333333333334,0.3125,0.14251338018534168
mE5-base,raw,hi,hi_mono_rom,0.0125,0.04583333333333333,0.058333333333333334,0.046148964174276365
mE5-base,raw,kn,en,0.44583333333333336,0.7041666666666667,0.8416666666666667,0.572229489760102
mE5-base,raw,kn,kn_cm_nat,0.029166666666666667,0.14583333333333334,0.20833333333333334,0.09052034412966778
mE5-base,raw,kn,kn_cm_rom,0.041666666666666664,0.16666666666666666,0.25,0.11628506263596874
mE5-base,raw,kn,kn_mono_nat,0.016666666666666666,0.10416666666666667,0.15,0.069628395773685
mE5-base,raw,kn,kn_mono_rom,0.0,0.008333333333333333,0.0125,0.013421331623167842
mE5-base,translit,hi,en,0.5,0.75,0.8333333333333334,0.6130088380631993
mE5-base,translit,hi,hi_cm_nat,0.0375,0.125,0.2,0.09229126357261935
mE5-base,translit,hi,hi_cm_rom,0.13333333333333333,0.3333333333333333,0.4375,0.24301832255333863
mE5-base,translit,hi,hi_mono_nat,0.0,0.0,0.004166666666666667,0.007031542968813534
mE5-base,translit,hi,hi_mono_rom,0.0125,0.04583333333333333,0.058333333333333334,0.04382644327657058
mE5-base,translit,kn,en,0.42083333333333334,0.7083333333333334,0.8375,0.5581723283893752
mE5-base,translit,kn,kn_cm_nat,0.03333333333333333,0.125,0.2125,0.09094456116927666
mE5-base,translit,kn,kn_cm_rom,0.03333333333333333,0.15833333333333333,0.23333333333333334,0.10317208063620058
mE5-base,translit,kn,kn_mono_nat,0.0,0.0,0.0,0.006361655217018712
mE5-base,translit,kn,kn_mono_rom,0.0,0.004166666666666667,0.0125,0.011614912021933543
mE5-small,gloss,hi,en,0.22916666666666666,0.4666666666666667,0.6,0.342186914819217
mE5-small,gloss,hi,hi_cm_nat,0.2791666666666667,0.49583333333333335,0.5916666666666667,0.38360633489436596
mE5-small,gloss,hi,hi_cm_rom,0.3,0.5583333333333333,0.675,0.4238569682141996
mE5-small,gloss,hi,hi_mono_nat,0.25833333333333336,0.49583333333333335,0.5833333333333334,0.3670649917488762
mE5-small,gloss,hi,hi_mono_rom,0.26666666666666666,0.48333333333333334,0.5416666666666666,0.3666501947398057
mE5-small,gloss,kn,en,0.1375,0.3958333333333333,0.5333333333333333,0.2690033910615435
mE5-small,gloss,kn,kn_cm_nat,0.18333333333333332,0.39166666666666666,0.5166666666666667,0.29741069761458866
mE5-small,gloss,kn,kn_cm_rom,0.17916666666666667,0.4125,0.5291666666666667,0.29659055061793815
mE5-small,gloss,kn,kn_mono_nat,0.175,0.37916666666666665,0.4875,0.285536042472266
mE5-small,gloss,kn,kn_mono_rom,0.1625,0.3541666666666667,0.45416666666666666,0.2620978420553027
mE5-small,gloss+qt,hi,en,0.22916666666666666,0.4666666666666667,0.6,0.342186914819217
mE5-small,gloss+qt,hi,hi_cm_nat,0.2791666666666667,0.49583333333333335,0.5916666666666667,0.38360633489436596
mE5-small,gloss+qt,hi,hi_cm_rom,0.3,0.5583333333333333,0.675,0.4238569682141996
mE5-small,gloss+qt,hi,hi_mono_nat,0.25833333333333336,0.49583333333333335,0.5833333333333334,0.3670649917488762
mE5-small,gloss+qt,hi,hi_mono_rom,0.26666666666666666,0.48333333333333334,0.5416666666666666,0.3666501947398057
mE5-small,gloss+qt,kn,en,0.1375,0.3958333333333333,0.5333333333333333,0.2690033910615435
mE5-small,gloss+qt,kn,kn_cm_nat,0.18333333333333332,0.39166666666666666,0.5166666666666667,0.29741069761458866
mE5-small,gloss+qt,kn,kn_cm_rom,0.17916666666666667,0.4125,0.5291666666666667,0.29659055061793815
mE5-small,gloss+qt,kn,kn_mono_nat,0.175,0.37916666666666665,0.4875,0.285536042472266
mE5-small,gloss+qt,kn,kn_mono_rom,0.1625,0.3541666666666667,0.45416666666666666,0.2620978420553027
mE5-small,qt,hi,en,0.24583333333333332,0.4875,0.6208333333333333,0.3640761508881817
mE5-small,qt,hi,hi_cm_nat,0.0875,0.2708333333333333,0.3416666666666667,0.18074328657476432
mE5-small,qt,hi,hi_cm_rom,0.17916666666666667,0.4166666666666667,0.5333333333333333,0.29208062086258835
mE5-small,qt,hi,hi_mono_nat,0.05,0.1875,0.30833333333333335,0.12990479019299783
mE5-small,qt,hi,hi_mono_rom,0.0125,0.058333333333333334,0.10833333333333334,0.05113003400247752
mE5-small,qt,kn,en,0.16666666666666666,0.425,0.5416666666666666,0.29593679889553787
mE5-small,qt,kn,kn_cm_nat,0.04583333333333333,0.18333333333333332,0.25416666666666665,0.11917553463823435
mE5-small,qt,kn,kn_cm_rom,0.05,0.15416666666666667,0.24583333333333332,0.11811277325086847
mE5-small,qt,kn,kn_mono_nat,0.025,0.12083333333333333,0.1875,0.08584179337426855
mE5-small,qt,kn,kn_mono_rom,0.008333333333333333,0.016666666666666666,0.025,0.02699688485386198
mE5-small,raw,hi,en,0.24583333333333332,0.4875,0.6208333333333333,0.3640761508881817
mE5-small,raw,hi,hi_cm_nat,0.0875,0.2708333333333333,0.3416666666666667,0.18074328657476432
mE5-small,raw,hi,hi_cm_rom,0.17916666666666667,0.4166666666666667,0.5333333333333333,0.29208062086258835
mE5-small,raw,hi,hi_mono_nat,0.05,0.1875,0.30833333333333335,0.12990479019299783
mE5-small,raw,hi,hi_mono_rom,0.0125,0.058333333333333334,0.10833333333333334,0.05113003400247752
mE5-small,raw,kn,en,0.16666666666666666,0.425,0.5416666666666666,0.29593679889553787
mE5-small,raw,kn,kn_cm_nat,0.04583333333333333,0.18333333333333332,0.25416666666666665,0.11917553463823435
mE5-small,raw,kn,kn_cm_rom,0.05,0.15416666666666667,0.24583333333333332,0.11811277325086847
mE5-small,raw,kn,kn_mono_nat,0.025,0.12083333333333333,0.1875,0.08584179337426855
mE5-small,raw,kn,kn_mono_rom,0.008333333333333333,0.016666666666666666,0.025,0.02699688485386198
mE5-small,translit,hi,en,0.2375,0.45,0.5791666666666667,0.34531376847840145
mE5-small,translit,hi,hi_cm_nat,0.0625,0.20416666666666666,0.275,0.1370158215335851
mE5-small,translit,hi,hi_cm_rom,0.175,0.36666666666666664,0.5166666666666667,0.27876650554338334
mE5-small,translit,hi,hi_mono_nat,0.0,0.004166666666666667,0.008333333333333333,0.013959668985561237
mE5-small,translit,hi,hi_mono_rom,0.004166666666666667,0.05,0.08333333333333333,0.04008215590213091
mE5-small,translit,kn,en,0.16666666666666666,0.4125,0.5166666666666667,0.28994131213534163
mE5-small,translit,kn,kn_cm_nat,0.05,0.15,0.225,0.10937334788712423
mE5-small,translit,kn,kn_cm_rom,0.04583333333333333,0.14583333333333334,0.2125,0.10883018874830207
mE5-small,translit,kn,kn_mono_nat,0.0,0.0,0.0,0.010428450458546432
mE5-small,translit,kn,kn_mono_rom,0.004166666666666667,0.016666666666666666,0.025,0.023461612856933208
mMiniLM,gloss,hi,en,0.2375,0.5041666666666667,0.6416666666666667,0.3685280965072687
mMiniLM,gloss,hi,hi_cm_nat,0.3125,0.6083333333333333,0.7375,0.4492706114356762
mMiniLM,gloss,hi,hi_cm_rom,0.2791666666666667,0.5666666666666667,0.6916666666666667,0.4123631159998752
mMiniLM,gloss,hi,hi_mono_nat,0.32916666666666666,0.6083333333333333,0.7333333333333333,0.46323767280661643
mMiniLM,gloss,hi,hi_mono_rom,0.2833333333333333,0.5208333333333334,0.6541666666666667,0.40310774783222575
mMiniLM,gloss,kn,en,0.2375,0.525,0.6291666666666667,0.36417108492818584
mMiniLM,gloss,kn,kn_cm_nat,0.24166666666666667,0.5208333333333334,0.625,0.3679551266446326
mMiniLM,gloss,kn,kn_cm_rom,0.275,0.5625,0.6916666666666667,0.41774568756128405
mMiniLM,gloss,kn,kn_mono_nat,0.25833333333333336,0.5041666666666667,0.6291666666666667,0.37962907252808925
mMiniLM,gloss,kn,kn_mono_rom,0.21666666666666667,0.4708333333333333,0.6083333333333333,0.33231852441414567
mMiniLM,gloss+qt,hi,en,0.2375,0.5041666666666667,0.6416666666666667,0.3685280965072687
mMiniLM,gloss+qt,hi,hi_cm_nat,0.3125,0.6083333333333333,0.7375,0.4492706114356762
mMiniLM,gloss+qt,hi,hi_cm_rom,0.2791666666666667,0.5666666666666667,0.6916666666666667,0.4123631159998752
mMiniLM,gloss+qt,hi,hi_mono_nat,0.32916666666666666,0.6083333333333333,0.7333333333333333,0.46323767280661643
mMiniLM,gloss+qt,hi,hi_mono_rom,0.2833333333333333,0.5208333333333334,0.6541666666666667,0.40310774783222575
mMiniLM,gloss+qt,kn,en,0.2375,0.525,0.6291666666666667,0.36417108492818584
mMiniLM,gloss+qt,kn,kn_cm_nat,0.24166666666666667,0.5208333333333334,0.625,0.3679551266446326
mMiniLM,gloss+qt,kn,kn_cm_rom,0.275,0.5625,0.6916666666666667,0.41774568756128405
mMiniLM,gloss+qt,kn,kn_mono_nat,0.25833333333333336,0.5041666666666667,0.6291666666666667,0.37962907252808925
mMiniLM,gloss+qt,kn,kn_mono_rom,0.21666666666666667,0.4708333333333333,0.6083333333333333,0.33231852441414567
mMiniLM,qt,hi,en,0.2875,0.5458333333333333,0.65,0.40676277870116717
mMiniLM,qt,hi,hi_cm_nat,0.30833333333333335,0.525,0.65,0.4198272827395581
mMiniLM,qt,hi,hi_cm_rom,0.09583333333333334,0.26666666666666666,0.3458333333333333,0.180809168863016
mMiniLM,qt,hi,hi_mono_nat,0.29583333333333334,0.5083333333333333,0.6208333333333333,0.40573258137027945
mMiniLM,qt,hi,hi_mono_rom,0.03333333333333333,0.07916666666666666,0.1125,0.06722226181075623
mMiniLM,qt,kn,en,0.2875,0.5458333333333333,0.6625,0.4072035271316228
mMiniLM,qt,kn,kn_cm_nat,0.0625,0.15,0.18333333333333332,0.11167634926703837
mMiniLM,qt,kn,kn_cm_rom,0.1375,0.3333333333333333,0.425,0.23642694494439123
mMiniLM,qt,kn,kn_mono_nat,0.0,0.016666666666666666,0.016666666666666666,0.019896669972790035
mMiniLM,qt,kn,kn_mono_rom,0.025,0.07083333333333333,0.14166666666666666,0.06282890461376009
mMiniLM,raw,hi,en,0.2875,0.5458333333333333,0.65,0.40676277870116717
mMiniLM,raw,hi,hi_cm_nat,0.30833333333333335,0.525,0.65,0.4198272827395581
mMiniLM,raw,hi,hi_cm_rom,0.09583333333333334,0.26666666666666666,0.3458333333333333,0.180809168863016
mMiniLM,raw,hi,hi_mono_nat,0.29583333333333334,0.5083333333333333,0.6208333333333333,0.40573258137027945
mMiniLM,raw,hi,hi_mono_rom,0.03333333333333333,0.07916666666666666,0.1125,0.06722226181075623
mMiniLM,raw,kn,en,0.2875,0.5458333333333333,0.6625,0.4072035271316228
mMiniLM,raw,kn,kn_cm_nat,0.0625,0.15,0.18333333333333332,0.11167634926703837
mMiniLM,raw,kn,kn_cm_rom,0.1375,0.3333333333333333,0.425,0.23642694494439123
mMiniLM,raw,kn,kn_mono_nat,0.0,0.016666666666666666,0.016666666666666666,0.019896669972790035
mMiniLM,raw,kn,kn_mono_rom,0.025,0.07083333333333333,0.14166666666666666,0.06282890461376009
mMiniLM,translit,hi,en,0.30416666666666664,0.5583333333333333,0.6541666666666667,0.41991986529354164
mMiniLM,translit,hi,hi_cm_nat,0.09166666666666666,0.24583333333333332,0.3458333333333333,0.1762240619206737
mMiniLM,translit,hi,hi_cm_rom,0.10833333333333334,0.275,0.3416666666666667,0.1917749997352374
mMiniLM,translit,hi,hi_mono_nat,0.004166666666666667,0.025,0.025,0.02094070792107172
mMiniLM,translit,hi,hi_mono_rom,0.0375,0.07083333333333333,0.1,0.06883788977638301
mMiniLM,translit,kn,en,0.2833333333333333,0.5666666666666667,0.6625,0.40474727410525374
mMiniLM,translit,kn,kn_cm_nat,0.15833333333333333,0.32083333333333336,0.44166666666666665,0.24734401144436619
mMiniLM,translit,kn,kn_cm_rom,0.13333333333333333,0.3125,0.42083333333333334,0.23124510754456193
mMiniLM,translit,kn,kn_mono_nat,0.0,0.025,0.041666666666666664,0.02228529349795122
mMiniLM,translit,kn,kn_mono_rom,0.025,0.06666666666666667,0.14166666666666666,0.06314217785105526
